commit,validation_status,validation_reason,build_after,test_after,build_before,test_before,error_type,regressions,fixes,new_passes
e6cf6e6d10bb2e8e4963e9e78d9c3ade3f0bf161,VALID_BACKPORT,,Success,Success,Success,Success,,0,0,3
8194b823e92445c962d89c1dcbb0837ff183a237,VALID_BACKPORT,,Success,Success,Success,Success,,0,0,0
8d353d562764d68dda7d745658bf62637ed677fe,VALID_BACKPORT,,Success,Skipped (No Targets),Success,Skipped (No Targets),,0,0,0
203b94414fdc67d1b77006dc05402d373c4f74d1,BUILD_FAILED,reused_build_failure,Fail,Skipped,Skipped,Skipped (Only New Tests),,0,0,0
d56e7153b11b1e5a5116f67e8af380136e57aabe,VALID_BACKPORT,,Success,Success,Success,Success,,0,0,0
745afa8ceb5dc88ce97d89d24c2236bd2ecb9e98,VALID_BACKPORT,,Success,Success,Success,Success,,0,0,3
75ad60ba99bdb4bd044879af20cab4f368866613,VALID_BACKPORT,,Success,Success,Success,Success,,0,0,1
efc53d87252af3b2455d4c38df08d8d850d1879f,VALID_BACKPORT,,Success,Success,Success,Success,,0,0,1
e40f696c448dcf9cf7ab33ab94d06812fb7df09b,VALID_BACKPORT,,Success,Success,Success,Success,,0,0,4
56f3bd998b1fd4ed5c1c1e60b9f5e7f7c32a176a,VALID_BACKPORT,,Success,Skipped (No Targets),Success,Skipped (No Targets),,0,0,0
45eca9e107a316816f394d9a17e7454a0ea8e829,VALID_BACKPORT,,Success,Skipped (No Targets),Success,Skipped (No Targets),,0,0,0
585f9667e4b36c6347ec70d646d9ae4f216cfabb,VALID_BACKPORT,,Success,Success,Success,Success,,0,0,5
