original_commit,original_branch,Backport Commit,backport_branch
3247cc6e48a2d4da79bf8aa4ca77d750af5e164a,master,1974dab17d6a3bc331291d0ed075e04a2deaef4a,6.1
4f42b38d70b18e2b3c1d760e4f406c00b163c465,master,c08290ccf4521eabe33d32c5f146aedcf167dbdf,6.1
e17bd286fd9fb7fe8904fdfaf5010b6ba28b3083,master,0315d0425bf3ba0cb4059e61bfacb6ddf135d428,6.1
834640ed7b3fee5d11a6433ee42ef66115e5f316,master,2c1210da4dc9e2ff29f8d6781b2c32e03ab49eae,6.1
e4503a462f713f69b728699f3f203189602ced61,master,9843f59e4fa21f4ba0febb47a455375f9221a694,6.1
e4503a462f713f69b728699f3f203189602ced61,master,3e7ade199d936fe027596206c02e43d3d9b01225,6.0
e4503a462f713f69b728699f3f203189602ced61,master,8795ff6fdfc00436d4f616ff2475a7cb618affee,5.10
842862092ea06d8b8b9476e71dab3d1d9c4ecc7e,master,94a5a697c4c5ff15f0ce4aaf3974917169457e2b,6.1
9e00cf9405ff47d435c836f5149386055594a12e,master,5731d920dbd2bb69f2bf08e18d83fdbe643b626f,6.1
607d738b93ecc8ea82e38cc5c6aef2ca0e6d9f4e,master,aeba1d0bc108cc54213e9164b5b740a93135afb4,6.0
607d738b93ecc8ea82e38cc5c6aef2ca0e6d9f4e,master,6cf83ccbc8d94dde3bbfb3af0039ec8bf2bba61e,6.1
ef0a0097cbf4c1575143581aa91160c287746582,master,3fcce418204875a965a10df5613fdb65130627d2,6.1
2b49d9ce5483533a31f5f5291e856fa8f17428e6,master,be268e61bbe7bada8e578e8ab2841a1d52254c81,6.1
74e40f8ed8063eed8edc30d4b26924880f4a49c9,master,f278138fba0106e1a5e87370f09c32fde93e03f5,6.1
a2f572fc480380b3c2d17fd3b5e436e759723c19,master,dcd25d11a2225dbf5a68459d228dd0a1217a43f8,6.0
a2f572fc480380b3c2d17fd3b5e436e759723c19,master,c0d5e58eb817a0ed54aab1d9e52c68ae4ac7f73e,5.10
a2f572fc480380b3c2d17fd3b5e436e759723c19,master,8e8c26d23c99a394bbbeef3c67467ddbd9d63dc1,6.1
5f3a4fa4ace032563eea257d95aebe40c5e5287d,master,70c6f4c355c28edaf45d5e486e4b263aeb7e9a04,6.0
5f3a4fa4ace032563eea257d95aebe40c5e5287d,master,dbc16113bae089e16a73f75a64882eccbe797c24,6.1
bc477183cadc3343e449651fcfeae86dd6c6fbc6,master,e516610b69203275bf101c6908cd10aa96d7cd5a,5.10
bc477183cadc3343e449651fcfeae86dd6c6fbc6,master,217a884182293e77d9061a3a32c1ac7d26de2bbc,6.0
bc477183cadc3343e449651fcfeae86dd6c6fbc6,master,2dc7eb4aaab286327d3e0069a1a446b17c9be026,6.1
e5ae774dd0444c5c356006a6e32373cf394fc761,master,ea49ffbc0b15df9a6858aa14bc48fa8d8a29783a,5.10
e5ae774dd0444c5c356006a6e32373cf394fc761,master,27c171971943e545dd532f2cca4f6069c33bf044,6.0
e5ae774dd0444c5c356006a6e32373cf394fc761,master,481699283e051694b2e7494d1e2446d0218ba2d0,6.1
ad747ce7703ff4a4d3522fd9d79f5c7f265147b5,master,abd54b04256f814a3f5df17fb21d2e9826db79eb,6.1
ad747ce7703ff4a4d3522fd9d79f5c7f265147b5,master,b3ead6fbef463eaf258290703a2131dd02b73f41,5.10
ad747ce7703ff4a4d3522fd9d79f5c7f265147b5,master,041bee0dba7c31fa670c09564ea5c1c54db1e1b8,6.0
1f4c618c51ce58220da8b80e08b183ef60c01814,master,6045f3866b115111869e0c1f81c02574c3c8be5c,5.10
1f4c618c51ce58220da8b80e08b183ef60c01814,master,be1dee2a75f0114eb7573c30f4b445b33d1520e4,6.0
1f4c618c51ce58220da8b80e08b183ef60c01814,master,17585ed88302d28d99d8b3e68f5f72140f2cbdaf,6.1
9879c7e2b526903252e3fb761658fc893022918c,master,a2e02e2936f6631f3924c18d5686d97b29514687,6.0
9879c7e2b526903252e3fb761658fc893022918c,master,9ad6785dded889401671a1679d4c154695df85bc,6.1
876fdd0e4b9a55df92ef565f4a0b4227e354a70a,master,d0d34b057165155af45599522d3264f7c992f098,6.0
876fdd0e4b9a55df92ef565f4a0b4227e354a70a,master,7121cc3f211e4b7f9245d7f795cfb5fc3927260a,5.10
876fdd0e4b9a55df92ef565f4a0b4227e354a70a,master,a2198d2484eb83b7f2821e52adb2a51eada92b09,6.1
b777e978cfd844f105db4df911553974e91a2ea2,master,4555e85eee52ffbca3a225411b7ab93c5d1636e9,6.1
b777e978cfd844f105db4df911553974e91a2ea2,master,bb03ca0d7e7c71938b959250603219a4a8547b5d,6.0
b47b230af77c53798a0c6d0c9d0ff3bd1003daef,master,7f87ded16fd54cf9ee109762427f31bf4e7cb24a,6.1
00cdf4ce16ab44ccc2de5a87b1e9fac2c40e831a,master,14c8fe4586a2e7e78aa888862efae3b07ae99cc8,5.10
00cdf4ce16ab44ccc2de5a87b1e9fac2c40e831a,master,441edeb7d091ed4bdbe6248b8dc983535a9d17ae,6.0
00cdf4ce16ab44ccc2de5a87b1e9fac2c40e831a,master,1be55c7f4aabe8fd6e7b4bb15ceacc1f0339de10,6.1
a95365f331263533e7caba938997e140a7935cc9,master,11ace467bbae385d2c9ab8466a5ec2674db171e4,6.1
d31bd126c49b8283fa5a28b6ec90099024bedef1,master,21fab44c6a8013c5eaac8f84f3fb8fbbff8a141c,5.10
091d3a3d551f92a57f2c1ab729b1946fddfc43d3,master,94d0e18a1d9fd2f899e48815c66a790b9466603a,6.1
eca4fe70f08b9c27a0b599ab11d61aaba72cf153,master,6083f17f2b3051145c6b0b30daabdf6601722c45,6.0
eca4fe70f08b9c27a0b599ab11d61aaba72cf153,master,120c6dfd4140ec3c73f7ee92b06d5290c55634f5,6.1
2c7dd05abaf41db45113b32dc1328c5969874988,master,604a586f43b62339ef5e25bb6a7ff1bde68404ae,6.1
2c7dd05abaf41db45113b32dc1328c5969874988,master,c9eaa0b33eb55091e8243d927209a2b948beb481,6.0
6a47f8482c7f059e7b465ee36edc41bf7048bd70,master,03ddef6747c1e0a3fd4a2611ada0cbffac5d8232,5.10
9ae20e804c49c845875ad2207c19684623e390b8,master,f098b9c95f6de9f771831894f38065c9af777029,5.10
9ae20e804c49c845875ad2207c19684623e390b8,master,f5c2dd26ba607959839d9d7f73f5c585d2cac2e2,6.1
9ae20e804c49c845875ad2207c19684623e390b8,master,b49101b612f496a3c55228257ed9e6f80e3b7d05,6.0
6a47f8482c7f059e7b465ee36edc41bf7048bd70,master,e52923fad0ca7dac08766b18179903dffa798cc5,6.0
6a47f8482c7f059e7b465ee36edc41bf7048bd70,master,90e76c3908c298ab85a6531759c55da852b0f29b,6.1
ce1d5e61e7c7a35d1eb46fafb0b3e15f234cf3c2,master,1b3e08a1f4dab95b29033fd63b154a01ae693883,6.1
f6a71240db2f96aeb4761c7c4d28468b7fcc3c37,master,203ea6397d1a6178d6393d3035703e1e66c02719,6.0
f6a71240db2f96aeb4761c7c4d28468b7fcc3c37,master,e6c29433b0689645921c74650fc283ea28b539f4,6.1
d31bd126c49b8283fa5a28b6ec90099024bedef1,master,418f2f245aec87d96ba287b00e2dd590560c9e27,6.1
2414401337b6b12b3392502285257bd1913c27b9,master,7d4bde801d2628e3e8ba8e5cebaca3e4afd5265d,6.1
a5b58411425101903763df8df41237801652ca8b,master,85b3c8adb1a8c2dc24188862e5f9fec4b5b0620a,6.0
a5b58411425101903763df8df41237801652ca8b,master,ab7e4dce584199d8b341f37e57b2024cd70a8b6c,6.1
186b70597ac02d66f1093755091f8b372eb6e31a,master,457779124a0c6ea32f3510abab98870aac94ae8c,5.10
a9199b9f781a9db3a49c1a8341e6837d63ed7980,master,729957bc6228bd6bb87f428a830c34238628cdd8,5.10
4b49941e5cfa4cd2869e7eb4e08ddb6c84ba1e2e,master,2ab9f5f5dbc82d949ce468c659c1348b3732b4f4,5.10
4b49941e5cfa4cd2869e7eb4e08ddb6c84ba1e2e,master,d9ccadba3967576718750a6c8b55d618e72dcdea,6.0
4b49941e5cfa4cd2869e7eb4e08ddb6c84ba1e2e,master,1f743fa19c5f69eebab2a665e232b847bd1b6212,6.1
f4805e4658309d1a836697918fa2350483f5e7fa,master,3d647236f3d7d589781d58f46d6eff82e61f55d2,6.1
f110187717d7d702d7f16abdf9bced3a62a5d90e,master,6557c19ee9f77dc3eceec2465de9313a5d624a4f,5.10
186b70597ac02d66f1093755091f8b372eb6e31a,master,de3c5c4b3690bf0fee03854513322d843bf6efb6,6.0
186b70597ac02d66f1093755091f8b372eb6e31a,master,15a4843efe6b713a1a28600ac6005bf4cae5b7b6,6.1
f110187717d7d702d7f16abdf9bced3a62a5d90e,master,ee82e9c66ddd5cc1474ef91801693b5849b92b96,6.0
f110187717d7d702d7f16abdf9bced3a62a5d90e,master,63bd0a0a7b236a7927a23cac4b68e1f220540e1b,6.1
96e1ddb8000dcdb0e245479ed685d9324aa547b8,master,bb131449b200fcff413180896b236811f5455e3f,6.1
178cfaaa13931c64efa645731243d2f0c8237f1d,master,600d06d24c1d50d23f2b844ecdfca1c272776c98,6.1
0754e182af65fc2a6bdc7cb7b224accfcf8a6c01,master,1054e7d9643a59e6d50cd77e71491fb3da7a26ff,6.0
0754e182af65fc2a6bdc7cb7b224accfcf8a6c01,master,d078bb60333f909363be4e04b5e1afa63bcecf88,6.1
141f3f5bd625a4823a0661a8434e648cb4532892,master,128585c4a98802ff348c195beec40a3741b71c84,6.1
114e47c51d454af27064a2e9b2af0bb94f590026,master,eec83a184b28a99a880e89dd2c0307ca3dad8d33,6.1
e40c657fc805e08747c2cb73b99da6566af55374,master,4ff9c5ebc4e4fc323f0422fb5e641f6071ef0ff8,6.0
a9199b9f781a9db3a49c1a8341e6837d63ed7980,master,aa8d55190ca826c38765ee773b7d6d548aedeeb9,6.0
c32e7470ad7882c4e34aa83a3e3f2afd94195305,master,c9fa90fd27734314a6fd47b4a7fddbebf490a690,6.0
e8b3f13710ce5cf21bc541e242f3448572f66494,master,c930f89ca541798e96e02993099e68fbf3443bb6,5.10
eec5b72d40ee4b30b47c3ffac19b182e638e2d5e,master,a38c6df68934717857642ed82bbdf7d615f9b333,6.1
12c40f96b79b3f328c4c5993ce05118bc71518ed,master,f80472f122dd9da14b26af119e646f25e5dff8c3,6.0
12c40f96b79b3f328c4c5993ce05118bc71518ed,master,394fcfa4567e5252297023f7912f439e23e4b4b8,5.10
ad91e3aaffbfd5bff986593c3c57c89f0b52425a,master,ed7e7467f9c9883784e7d44558cb95ea69eea74c,6.1
39eb44c42396df3180684ee393fbd573ae95a6fb,master,b6a48f07c3876ce09b63a649b9b1ec53035b0036,6.0
0d19564a4ca1a074ef730d4716695fa4749f1bfb,master,4590bec2dabb43789c88a5a276aef6fcbe42c275,6.0
57b0ac19ef8cf97ac76534a697f7eb0579602347,master,00e30aec1b456cd745bdf42d84e3e43644572f70,6.0
2a9a9fb6a4f094adabe3601000407898978ffa8a,master,2f9f973e9706e06dac0ee3af4a849d14223ebb37,5.10
2a9a9fb6a4f094adabe3601000407898978ffa8a,master,1db907e14d46033bfe3acbffe9c741d0db1a054a,6.0
897cc0651cf51d8c520fba0cbadcfa4a5009bc07,master,a735d95e81af2d67af2a23ac3279b0d4b403f266,6.0
26c92cfef379eda305a4550cf2a0ee775bd8aaf5,master,2e739716e3037b6e66d74ef7372d7661a5289af2,6.0
43de35c74ab4d625c289f68a66197c21e923f550,master,b90a7a24c6d910e9cf87055c07169644bc47e858,5.10
724fd1585dcad46bc0e332d21b47ed4df26e47e6,master,51fc0a97fc02ac24530fc6919951d534460aec5b,5.10
724fd1585dcad46bc0e332d21b47ed4df26e47e6,master,a9aa3153ffacb2a1573114a0b4fad5abfb5e514e,6.0
e45819fd5822dca162ef9adf7710ea40f73d1745,master,be9c5eb17e4c818bbaf9969ee82daa5c35b43505,6.0
1eecbf6f347bd5f43241fa820fea92fbed179f82,master,d42bb21c92f327a33175f28c44b0bf711350e86e,5.10
1eecbf6f347bd5f43241fa820fea92fbed179f82,master,ac8649204f0eb5540b0a96d9e331f7f8fcb82595,6.0
e45819fd5822dca162ef9adf7710ea40f73d1745,master,15775bcd8b428c6ad364254a2e83872cfc4733e0,6.1
8e28ceea139652f0691b05dfca6b2bd7a58e3255,master,99197ccd6ad29682e1ac12f547cad16176fe1026,5.10
8e28ceea139652f0691b05dfca6b2bd7a58e3255,master,db459abd96edb9cb1566423131b76cf01b813671,6.0
578c852504f0e0b1cf62aa317704842dccecf4fd,master,6b8d480d74caedddd171e77ddca0cab5c7538a39,5.10
578c852504f0e0b1cf62aa317704842dccecf4fd,master,f12dd8fafec68034a6736baf7d0cd35fc764acd3,6.0
e7228911f64b3a3a8376e95dc258c845d76cef61,master,e9f70421ea116a490c4bff69333233202cf32b90,5.10
e7228911f64b3a3a8376e95dc258c845d76cef61,master,af79a03f61f8e5260c58093b213e0a66aac0d2e9,6.0
8c4c14bcb667e8f7249a3e2a9cc147130ed5df57,master,ad2bd6e515b863ef0f8b770ef39515c5a34e1ce0,5.10
8c4c14bcb667e8f7249a3e2a9cc147130ed5df57,master,65703129f9f309b69ba9d54e24bfe40d75a44ea7,6.0
d92b38b5a20e5899c8a73d01e6351ccb77884363,master,7554a7809c956daa4fb918a0e1a42cd6c3a5a707,6.0
43de35c74ab4d625c289f68a66197c21e923f550,master,51ab285dfb320b34de2f0516c292032ad304c614,6.0
75c665deeeb3fc1f41f9347b3cc90e0a263405c6,master,ca925cd044af20411af8cb400e4eb8df1e2ca056,5.10
75c665deeeb3fc1f41f9347b3cc90e0a263405c6,master,a2d591fa305d61cb0754cc7eed21e98f2c2cd3ca,6.0
e8b3f13710ce5cf21bc541e242f3448572f66494,master,06ca2b619c46726fc309565e523297d23a049d34,6.0
755c607d1aec22c4758a0fc121729e9320f2fa37,master,2d441efed86e5f5b8b8b2fa9604415584ab0e72c,6.0
2023608e1e1734f5630b6b4a07d3e1d2b64f9605,master,d2fb6479515c5cb11795753ce2bfbcaee1b69443,6.0
a62ed7a41fb9b737ad5e089183f548738be747ff,master,484194366ba2d8463d3eebe68ae30a859fe579af,5.10
755c607d1aec22c4758a0fc121729e9320f2fa37,master,3e8fbf11d935688ef9f38122cc5da1aac663f356,5.10
77ff9c39b3e709f8cd9f68c6843cbfae5c06d728,master,3a6dedca2be72a5db209ccae9a3f2a00eb1d8c90,6.0
77ff9c39b3e709f8cd9f68c6843cbfae5c06d728,master,34a844e277addeb3c335667ba9905d7772f5ecfd,6.1
d95ae1e55eea54e273f47a25b3514b6da52faa9e,master,c717f1504838a6d6b00fbb3a42084f0ee9809293,5.10
d95ae1e55eea54e273f47a25b3514b6da52faa9e,master,a4a4a665dae480c7f9acbfa57f8e5f1adb2aaaf3,6.0
7b8d2d04b9444dc1f62e7aa3d3b5ce8b80055c2d,master,81c820bbbcb9194736e31b6d1f3b82ad02784fdf,5.10
7b8d2d04b9444dc1f62e7aa3d3b5ce8b80055c2d,master,400f21c1cdf55a6085fe12f146064e8a2fee3c4f,6.0
8913fd00521b86e3f3a176560cb9922c4007ec9d,master,8e1f26109c397e89a76eb375b124dd53d624bac2,6.0
8913fd00521b86e3f3a176560cb9922c4007ec9d,master,e9f33cfcd345af24c9c7f19dd56a4014de8f3169,6.1
ecc4890426a5e3cf38ed6bd46d1d8e3d8030f1d2,master,f7b8d0462dd7ab9caa4cc15ba448c3f9c2da3a86,5.10
ecc4890426a5e3cf38ed6bd46d1d8e3d8030f1d2,master,74b23846199437cd24255f454f5a0f44f8618608,6.0
4b051b326345a4e1892482b80ba727a6c8d2bc90,master,fc2e6d92671388d77a7cd5c8f9f5c0e2dc9b743d,6.0
4b051b326345a4e1892482b80ba727a6c8d2bc90,master,8b39cc7478063bbfff5a19bd8a7d0afc7e27e0ed,5.10
fb594fd1890034181af9696e97184ef0ba2ae000,master,effd1aa6d7ecf57f1f65ed13b96c008954b90475,5.10
fb594fd1890034181af9696e97184ef0ba2ae000,master,99336f5c40c8769e17db257376d708fcbf183b60,6.0
0e0dd739ac60fb9db95be668067d2630a72db71c,master,9418466aa40f3d12d37af40fe1b33ef6213a4d8c,6.0
0e0dd739ac60fb9db95be668067d2630a72db71c,master,9666260135bb57e0e507489ce29d8a047f3c0b81,5.10
aa029bff3f82f82b2df02d4b00ae6a917a4a6996,master,6dcb87503233afa446b735d74d92ce709f8d5c32,5.10
aa029bff3f82f82b2df02d4b00ae6a917a4a6996,master,8507848630cd1af5f6b77b47690bbf78800a3ad8,6.0
5e7b3ed46d7425d94a05bdf6fec89436f5976a90,master,c7604ce9b1189cb253edc64231208126176c2afa,6.0
422c9d48ae8aee46e0e7550e26d8d326cfa6468d,master,d17ad1dfa72d576ede22aa9bf792dac6d291079d,5.10
422c9d48ae8aee46e0e7550e26d8d326cfa6468d,master,e67e3a11bc650d88fe7eaded9c8be2a4e6c5bbf1,6.0
0ec94296803b0265f30cd2c039781069c10fba5e,master,a8e1f968cccd5bba3398251ab2f594277dfdfcc7,5.10
0ec94296803b0265f30cd2c039781069c10fba5e,master,89dd62899e80c0f7de9820abe22a32b388ab4dac,6.0
ca6fe214b420c3be0cf0c47c27bb8af6fc2282e0,master,0c9a97c782d9075104992a160f23015cb5df9d9c,5.10
ca6fe214b420c3be0cf0c47c27bb8af6fc2282e0,master,cf678a4059fc1aecc80cf538f37c354257037452,6.0
23598611d3e31743555e7df47954240e487c3aa7,master,04864c3912153029e3a87b5441950a97538c4f42,5.10
23598611d3e31743555e7df47954240e487c3aa7,master,61f3dd55a6403dc19df8d92f7a9ac280858aa82f,6.0
42fcce1f0dbfd2683284d70ae142de925b4d8c17,master,78c80d343ab05c0d48199849cdbf0248d8bca3a8,5.10
42fcce1f0dbfd2683284d70ae142de925b4d8c17,master,ad9e7cba426a6c9609f4649845900c59be558246,6.0
5afcf36990a94941c8fe4909953c5ed3bb5981cd,master,8998913dfc61ead7ecf4b89e051aa9907d984b1d,5.10
5afcf36990a94941c8fe4909953c5ed3bb5981cd,master,a7aa257e7a744369e951aaaa22591e904c457f40,6.0
f7e39503f6b3d8f54836d152465764dfa4d8a430,master,1e920150fcc11c4975adc0a46876ad15810e00d1,5.10
f7e39503f6b3d8f54836d152465764dfa4d8a430,master,7aed0ec9bedaf258ceb7c344aceb7876fa3ba298,6.0
7103c85ddfbe912aa39df79b0cc6f7a1e1da7330,master,a34d259948b7e34fac1ce0078e73d4dcc73779b7,5.10
7103c85ddfbe912aa39df79b0cc6f7a1e1da7330,master,04a648bedebe68f5fa3883cb10004c1f66ebb57f,6.0
42a606aa2b4224dd8e98500ae9841b3e0d44daf3,master,ae7615ff856c73c4998ab7cc4aa3b89096f8e098,6.0
30abc0f980778976840a80436d746fd445fd3e26,master,e600023e45b8dbf065d33c4e930c9a212d71365a,5.10
30abc0f980778976840a80436d746fd445fd3e26,master,5d3b77021abacc8b76d019895e6c0df776084260,6.0
b1adcbaa3174437d1c17e4b79c0731effae07b7e,master,417b9cfe07f47935847cf7db8d937b4a8803ea64,6.0
b1adcbaa3174437d1c17e4b79c0731effae07b7e,master,508dde5d0e2435314c8b36280ea3e579a99838f5,5.10
b9c42c9bbc08a39b51c7205a98da6972b56ce612,master,e01a59319d802383fe4193c04cc0afce9d0c8d9a,5.10
b9c42c9bbc08a39b51c7205a98da6972b56ce612,master,189541f2ef68ab8afe6025b929ea872638ba39e7,6.0
bee07cfcae4e608d87a590123c780607b32180d2,master,f481bafc78885a3ce5b789107fa632b4c91bdd78,6.0
40c8ae59d6045798de3382531bf05620b2e79bf9,master,5b8071b785e9e23c77838aadf865723002ccf2cf,5.10
40c8ae59d6045798de3382531bf05620b2e79bf9,master,b61182b6235986530d9c7a38dc4f8a42e070167f,6.0
505525ed98560936e607675714b1658ab9d02012,master,4ecdbb53af63d44724b0d34cace03fe6d1d69f14,6.0
68e693a5030ae906ff80ab11903e6e8711f9b893,master,35593d91134e2ee2188899ee5cfd80c773beebcb,6.0
68e693a5030ae906ff80ab11903e6e8711f9b893,master,3a7f35461c9b68648bd42d9ce9f8ce8d3b567058,5.10
13d71d3a6fbe2614e65243dfc9e6221c7123db64,master,e64fb192f70db7bb5e135fd7f0ee5a1fbc2704cf,5.10
769d3086157a4fe4c73ed4aed88f3264c2b6e291,master,7aeb6174029ffbc1fbb013723bf0eb75ea3e58cb,5.10
deae090afe0e41e3250aa46de0545ec5f788056a,master,201496714bfd447c527a1d62c23168b2b95adbc2,6.0
616be2a6d2422ef7ca13c9c02272ccaf22b4442c,master,879b8407ed5aef91bb8a27ce59a2c8ee08a667dd,5.10
d555d31dd8c2ba07fdf04439a644bb2f99f79416,master,dfb822a63738eaac98f4e239cdb3ac1fc230d483,5.10
49501fc7e1c5494d51a4d5d40941bfe6feb28f8f,master,84d8c21dba153f16426e90dfc289445b9fc2454b,5.10
ffeaa8be341dc98fcd4a30f3b6be8df9ae8b5dcf,master,ac76810228839ce3dfbcac2afbec30e20b4faeb5,5.10
ffeaa8be341dc98fcd4a30f3b6be8df9ae8b5dcf,master,103e4306acc1674229c3b6fd2eb38a2c0e14a3f9,6.0
3c5e054f07eb7f1a431a6c29766873a12aee5436,master,1167b1ff0671151fccec1ac0914bcc0b8bd436f4,5.10
4cae25b98fa90e61efaa45475a007a78eb61eb9a,master,33a1e3a037eb06f457883f4b82ec86ef7a1eb69b,5.10
c7702f1de3a49bfa1b25d522792fa365c8570b8c,master,ec29714076de24f7280f61ccde3eb5e8ae69099e,6.0
fe2b6ad7429fcb7e909d2f2007b1b0ed66814322,master,62e69b530a0ae95f724b7004f17468bfcfb510cd,5.10
855f4d9d710de44cee744fa7411170accfd2632f,master,95e6b3111e761bb7c0b4d9ff0104c774a0c41557,5.10
568968671d04c13db6e996f0e25b26eeac9a81f9,master,1791a72035db4a906d98f9125c1e83c45ec5ad0f,5.10
946187c1d8afb4e5c7391083a051ca44cf36e41f,master,853ef65f6aa8a34847678cce07483a5ec23ec02f,6.0
946187c1d8afb4e5c7391083a051ca44cf36e41f,master,cbcd1be520e0556372915d29d771ba9588857584,5.10
bf0c00f8af78b2af946ec4b2a865cca89fb86a03,master,2e07da6f50eebcc3fc859efcc4c008c2a020f28d,5.10
d1f447cdfe5ce21ec2bee1bb7db01c789259a867,master,ca4549aeee947d2f4e6f004fee1a60b3613dbb58,5.10
69c0d0d7632ef874261f266ea424bf432dd81b79,master,91399b0326e534f8e80237bdadd5a491ca2fcc9a,5.10
89ae453c55babd6f5ae69af9ce93f119019a3324,master,dd905f8ae259a2ef0b1e7916af4e17abe0d51bf5,5.10
ad2fed64aa2ba69610c1af17e9cbcb48abf87a53,master,7fdca301d74f60fc51cb0c8c99a82534eadf7b8d,5.10
055805593e4a329eff42fc9ec665458cf15bf48e,master,6037dd20222518670998dc52d5ada7dd875dc048,5.10
7e4bc7e9a73d300f97e6905fec14412bf3cd15a2,master,c4c66cd9d1eaf5c16c9a3a107ac9fad2a9465883,5.10
7e4bc7e9a73d300f97e6905fec14412bf3cd15a2,master,7bb9c7a1434d39a7d1bead8f1b31d1313ac27e06,6.0
cd15d2283817dddea3297c93a5fafb19e08eb73b,master,ccee5b54c6017a6b03144165e01474b200677e07,5.10
bb4205db375cc17694818cbb88f03dc039a805ce,master,02fa4cc72400152e6dd772860031991dfbf2f847,5.10
7b4e0ee43e4adcf1a4a08fd06ad1517eb103e449,master,f1229d922b690b9e21c92ed1abab909717e3664d,5.10
40a432bf84dc786964c694270425009c343d35e8,master,ba21cb2de959cafb1d78e4f3f24e0dcd16e1ad65,5.10
72d5882b3902ba7042872d896436a908eaa9d941,master,8d4763384ed8f41dd0f2626b98568fad30b0d122,5.10
bd3219ec49ccabf5a70191a20fba2cadd07ed6ac,master,0df5dbcccfe8357ef9d86d38fcee3f24ca409f65,5.10
e8546734d5329098f23e23aa85cc291894b98f0e,master,25e5a2ec36ff874387aca178888f0a4f4a4bf907,5.10
006187ad50f256dfb4f1018c01fd54bc2456fd66,master,4d0ac298bc694eab4608bf459fff249f82bf1519,5.10
9b61be3c7aef89289e8575e23dad7ca8e9bdc12e,master,021eb4ea02b4f364ad83b5bf103bb8366655dfa1,5.10
0ce13db97eee63f04f07a9823e956a451ed7b9af,master,0901a6f909f62b1ee142c9eb0566ac24989561f8,5.10
96a39322a712eb34a93338269a9c2bf4ee676e16,master,d47f1f79d57e2bdfad0a162e11d6449b781fbeee,5.10
9b180f97029d39b3c81941e60e56b61e9c345fda,master,f35c185d2f031a8ba23936c910b85162618cad41,5.10
a6be63dfcc7eb7e60b2bb36f467924b05e1f4eea,master,561e9be5a272e44a7b4322490739de6ceb050f36,5.10
bc6cd34d3f3a1abdb84960529542e8249f386066,master,7891a139f7755c971acdaccdd64806e65ae3a740,5.10
851529317dd656c07ff0bfa43cd0fbb508825886,master,d108a3900fbb434beae6a3daf0e3487a8c1566f2,5.10
f84e75105503f24cc6dee2a57be1efb08122ae29,master,45a9b4952e2fd5b9ed3da3e9f2b1af3be0f927e5,5.10
217c1cd2bf94f7bcefa9f4b4b8a985893d8da3ac,master,7e37fdcfe03b16cb83b80f4394c90addc6ba87c5,5.10
34fea89a6ba802729139f15b6953bf53f3ed4bef,master,e2c2cdc89ea828ce366f5338d513e3e561b4b864,5.10
34fea89a6ba802729139f15b6953bf53f3ed4bef,master,7707b33f04bb13e5dc3dcb0407d102f88f1bcd5c,5.9
39a10a2ffb72f6923d9db6346c0a6003a22536b9,master,971b775e58399e3ae9182a031304ff23c899a9f8,5.10
06f4a8491123c8c38af1a63e39d2120fa3879528,master,ebb73c5d5984e5aaa23908ec77837510db5eb734,5.10
9ed0b68b5eaf0677f1e202957b0ea8035433fc9e,master,5445954ce4469af3734ab14efa88f7bf32961974,5.10
aa95e238cb34afeae0bc1d91b524c0fd99ea6c1f,master,e1b40b6695386cdb95fa9a04bdaccb37c1163970,5.10
1bdffa597776b5b71f290448017985319e670a91,master,5c54ff4e50944b035a2f387e406ca11f7dd20e87,5.10
c209664b06f0668788ad161f895aea23e94bddc1,master,ccdafe7d64a1430426112a9bee90672a8f30eb4e,5.10
cae5624ed328cf0cfdddafedddb9a12379943534,master,f80ea5d06f4dabc8e54d788615579de5f4a2bf45,5.10
be4baf1f66ed25179a1a64bafc86783f74e9ddac,master,057dd5d976a6e1087be569472a7b580156bff534,5.10
9146b46f29f0d1513e6f6ba6cfd7f732a8b1b475,master,94ca527f2b183b32292fca41880e639f48d2160b,5.10
4d798870629427e6e7ce966df47cdb22fb27136e,master,674c67b31eb85ecd7dfe83441e8eaefa5c0d9db1,5.10
c86c829da67e89bbedc51143024ffcdb95d27c1f,master,4a35dcbe90f2963bd9e55a0439d95c9841decbb1,5.10
9a2c75b5022e9a7fc5de811d6591978ad8741ad9,master,b2b4e0d368b8d8491a991b86a832d115c992e2ec,5.10
222644006b4933929d3efe3dc0bf870a1f05dff5,master,11b732bb8b660b7e27c6f7cbefa3cfebf4c736fe,5.10
dea9c13670ea5c8459d32a986fcb75319ca0fc45,master,45175742cba8ff565560c63f0841489203368343,5.10
e71e127665e14038f196eab7fd8ce56cb6aea2c3,master,d60fe8f9802bd39da0b9358c7725fc1673ac5a18,5.10
4f66e01247906c75d4f730011099bafc1037a034,master,f58978e596c642a1ae059ab87c1f737a57607309,5.9
4f66e01247906c75d4f730011099bafc1037a034,master,3561c2379c9001bdf6580ccdcc82412f4c96ba7d,5.10
bba92b7cff3535e822fd979d4403c415a12ca9a1,master,0c10301566117015508753106b0fec7a88d8fa20,5.9
bba92b7cff3535e822fd979d4403c415a12ca9a1,master,15c66b2d01b20054e4b6d963f877af34ea219b53,5.10
6b0c28a33d560ec4ebf11a8b1ed169e67953dfb8,master,c1644ebe26ff063017b88db616e2ebca0004e745,5.10
06a389b5be468297e10fddaa40e041c0fc15d51c,master,c8695f7314b2ed49db9af07f1a63c53823adf47f,5.9
06a389b5be468297e10fddaa40e041c0fc15d51c,master,d30e42c6a81c43d32f76622226c13cb96c3ab67d,5.10
2aa7e269ec7bc92d6f4dfa68392f6293905861d7,master,c5d6acdc4c9c82c6eff6ba21465a5f153bec378b,5.9
2aa7e269ec7bc92d6f4dfa68392f6293905861d7,master,8a4009c9f2d10bdb7ee93b59b1b6c5749e28f83d,5.10
468d22601fbb5055e3a933b952efa8f14ed33c9c,master,79f699c6c25268a59495e57016d389cca6792a21,5.10
6770bc2a8d6eb88611c3451ad94b2bbe02a66749,master,f14704e6485d18695c5a9161bea76f298dd53987,5.9
6770bc2a8d6eb88611c3451ad94b2bbe02a66749,master,6a314684641b75d094bc1d0fed04560d8e548f13,5.10
3d3bf8420bc62678d696f0d632b0e857e40c0e8e,master,02ea68b62cb63a7fd6176a5174df94d5fb1016b5,5.10
ea6fa68af2ba5631f29c2605dbc1c7b106951aeb,master,de857b0f3e40b680e01bdc5e9611e8953ae94155,5.9
c8e4d3e9f1371938a86bc2aaeca8cbad6cfac747,master,54cd07cd446520d49ad8b88a713f4506d0c9ffca,5.10
19dfd9016f1b9d4eec18e795877b64101ffb981a,master,371744d1533548b6b57048d301aa8bf327c1ef85,5.9
19dfd9016f1b9d4eec18e795877b64101ffb981a,master,da78ba81bfa53220d76c677590bfe522b66b6429,5.10
7d277047fd4bdd8685479e0c5856419c527b4998,master,145f0a3c38d86c28afb67df4a49647be640f0474,5.10
7d277047fd4bdd8685479e0c5856419c527b4998,master,f3a2f44a910a49db38cb10c8ff11f72fa4258e8a,5.9
aeddddeba6a7f487891cc8b131fc87bfdf157623,master,4c04b95e277f959d5521c460880b1c37e79a6d0d,5.9
aeddddeba6a7f487891cc8b131fc87bfdf157623,master,1f3ed5c7b64bc1850a6c4bc2c21c09e26cb469af,5.10
79ff2217dde45d6a748b0f31b36c95a7b252878c,master,f428bee75a86c4706eee99a9400b70010d4d75b1,5.9
f2e6f44d43dec4a7850d605787d39a061d6b7559,master,15e92067ac2ff7e3571a14ca55886d5074b5bf86,5.10
ea6fa68af2ba5631f29c2605dbc1c7b106951aeb,master,b6a6b281a07443c08ef0eaf4b32f7bd76353a20c,5.10
fd98eb757408646d204ce5b3b53fe8f07f576e9c,master,1173dd294869f0f6905f2a7c46408f9328d468eb,5.10
a85cd25e8cb1c08948e1dc29b3fbf01ac915d313,master,a9b593182a450e0dcbafd23637dc097efad4fc4a,5.10
79ff2217dde45d6a748b0f31b36c95a7b252878c,master,beec03046bacda4246cfb9c8b3bf4eaa8492f302,5.10
0a944e39b3dccb0943bafb776aeeb35a7bef2a55,master,eeb690a6dd981c9ab1804ea835b9f116eedf39a2,5.9
e06b27f5e399f09e7881f02ec17025772a97ae18,master,573363dd427ebfc591266157909e7bcde2fca5de,5.10
0a944e39b3dccb0943bafb776aeeb35a7bef2a55,master,7767e6fa7d98c49b077d268107ec77824dbf8c72,5.10
0b1df3f4cd2d1e8a2d5497830e1f0128733126fe,master,adfe4eeaf7d8f4cf49421bb6f26fb03b2a836058,5.10
4b982d8fec4f214a3d076c85437792deeab0457d,master,cf5d042b7cb7bf6d9fa8dd9a82e2d1766e5e3087,5.10
8a576607bed8c1f6bb093fb60f82e710c32090c6,master,ff85ddf12940122a217b6ae48b8e62523fac5d81,5.10
b0d0494589f281cc6794c318dacb4d02cbbfc465,master,de5f0a0d967e0a5d1695906ccc953b383caf90b5,5.10
6e913b36c2674daca8e03555fd4da911ad2cb934,master,86a6e5a8ad5a78b9e4c8368f453c05ead3e8e49d,5.9
6e913b36c2674daca8e03555fd4da911ad2cb934,master,8c3e09171ff59abeb23446013db37699bda934a8,5.10
79c45993c391dfe36590a431804a49cbc1d32d9e,master,ec82e73b8cc0d79a24aebca894483a2619a96bf6,5.10
cc89eef6c280e216444dbcb859e8d7be5389f694,master,14c561c1822c118dac1a088de7f122028a78c6fa,5.10
b233310e3a55faa0f30c4065770e7187a49a10a5,master,638d270e70a9fd26121d0bf3d19dc6b52c63b92a,5.10
a56f3e303791dff198c739a97f84443588072208,master,2dbfc266d8d1ce95199fa144585d69d7a4014411,5.8
bdca50204c894462732f364d0a180151ece2bc9a,master,79334e3bfd1c049434c3b27d612c5505b8f2c33f,5.10
3a386f325370fca0bbed93abbd6973189767d468,master,5e39bf67ac7b980362b49fca45523b378db17b13,5.10
6e18150a3937176f863d24c4449a8f7c95e84331,master,5fccaabf41c037565ce98f174213766bb316d5e7,5.10
e046b311fc71b35e8a1c52f53eabd35af3d09e24,master,c9177d67b9b875475a7e1e6af204ab21385d4c6c,5.9
e046b311fc71b35e8a1c52f53eabd35af3d09e24,master,26790b935c6dcad703847aec9b0ed7e0c3d58eb6,5.10
156e4b52c1b971fd0e80b0d1f03101482e749cf5,master,4bb9140843b31a51b0b6f1e88009f2a88fb3dcbe,5.10
df00e1178413ce866f299dd38cf9ecc3e99e0fad,master,b0d7f8ccde2458876c59a8b38b5321343defc7bd,5.10
dd02b0877b667b7068aa0a3c02f3d72e3a0451a5,master,5793d71bb88e3331e582ed25a9e4ddcf1eb9d8b9,5.9
dd02b0877b667b7068aa0a3c02f3d72e3a0451a5,master,da050b24ae0d6775a8a276eea7caebc7a92b4b79,5.10
146e80ab062cc5fe77f246dface16db51fc7f2ee,master,7e5d085a7d3dcdf905b21071858cc2e2c52abb10,5.9
146e80ab062cc5fe77f246dface16db51fc7f2ee,master,314551c749e4fa5a2d9edcaa3ac28eee51ed1c90,5.10
343ef2518266d8aa07e2f93033d8041fe902d234,master,3c7e6fce69a025d9623221727e21ec25daa39c08,5.9
343ef2518266d8aa07e2f93033d8041fe902d234,master,03a339edf38edf32cb31987222ee898a55de0ed8,5.10
78c04bb788ff1298154538a4d89a2070c88aebd4,master,057be417e10f6c62a109e8fd48aa7cbb53293ec8,5.10
cf30e654d5d6616df32108900dae9837e218d6c6,master,3dce9675f4502d5cfd5ffa212e580ea51c0d07a4,5.9
cf30e654d5d6616df32108900dae9837e218d6c6,master,f0e9cb4210cfafa621013287720c973d0438f3b8,5.10
b472e5fe26f4a88ced42c8528423319b567035cf,master,b2da2ae7241da506afa3c6865c3d42b05b8830d8,5.10
b472e5fe26f4a88ced42c8528423319b567035cf,master,85e51196e73a78d7f8b9b57e4f170ee77aa85f9a,5.9
f0f7f5051a75eb1362ae76f83a5e63db3d94b7e3,master,a5eb08bc549a465d501918164b099712d6c326ec,5.10
f0f7f5051a75eb1362ae76f83a5e63db3d94b7e3,master,d067e1380f46d72091f53e95aba49600bf737b1e,5.9
ae2502f36068d3919f62f574f2143e0564eebed8,master,b1bbb0de228bc36e130e1e21abb40ef794d64f06,5.9
ae2502f36068d3919f62f574f2143e0564eebed8,master,9688154d75b4027ed2c14d3c49fea055f2576712,5.10
a56f3e303791dff198c739a97f84443588072208,master,fe6eb07d251f1be2cef6e98703e9482dd13e68b7,5.9
a56f3e303791dff198c739a97f84443588072208,master,77e0118b6d9bc69857cc5fc6ff3ef2d00b0d7eb1,5.10
bc11425a4daef6719d77ff0d62d64c2deb285968,master,1736f98104ba4d34fcabe9598c30951f4f4297d9,5.10
5e1bc6c9d8ed874baa4fc99500561c4e94c37d9d,master,999e769158bb2eec3bf25583583d95463c5dc3db,5.9
9cdd94e1c1bd2b594bb9546aa86188c61cdd695a,master,8de35b2287cf3e7fe63a33c26f06168f4353ebfe,5.10
c58f3840756cd37a1bd99315e8f5b847c7ba82c1,master,7050222a420eeae505c964a5ba5e39741fd044f0,5.9
c58f3840756cd37a1bd99315e8f5b847c7ba82c1,master,8fba4a59f4dbb52bd2dab72e0be35c0ab2954b25,5.10
5e1bc6c9d8ed874baa4fc99500561c4e94c37d9d,master,6c95b94faefd3385900897c85bc63c4263b198a9,5.10
240e0a7b1930ffddcbd74cd391d6fa85c33a4f05,master,7ba88ce60a86b04b7c739a68d2d78c83f08015b8,5.7
240e0a7b1930ffddcbd74cd391d6fa85c33a4f05,master,ec823c01dcfc1aec82216aa90f69e0f776f3c0f6,5.8
bae2b2deb6226957867e68f61ffe89f2af69c73e,master,e536d73fcdcec2ded9c8b552d733c292e296978c,5.10
6407ca1ec8846501e8483e7158118983c28c43d6,master,4f21de8e837cc142c712ae397c1fb9d02e67e1e3,5.10
7ec67008007e53ef9e05e7b0375fbb236585d35a,master,b116a7ac985f00846219473ac5c26166445a83be,5.10
9c51aec386c3f2ca36eae4e7826f07d98075e8f3,master,81d9c815d11a41d6da62de35875cf0a0510a20e8,5.8
9c51aec386c3f2ca36eae4e7826f07d98075e8f3,master,177b79483eeddc901ec34c598ff75db16fb208db,5.9
9c51aec386c3f2ca36eae4e7826f07d98075e8f3,master,0aee8cfb3cacbb5ccf1bc794f3c50f8f18cf7efc,5.10
e8e905a5e07bdce0ba858512351fbdb35ee3f1e4,master,ed04558d3d8bc15bb45911457af6c06dba96b7e1,5.9
e8e905a5e07bdce0ba858512351fbdb35ee3f1e4,master,8ea60c8b4aa377fadb073a954fce21ae9e320a63,5.10
4a2a89a511e9f752f5181b06ab6f70fa46265899,master,8aff1afe7160b6e2bd7505f6920c47222b675128,5.10
d576089542a44edff25a860322b431b7c56f6dd8,master,c4bf249c845c5cf0190f9a3f2b3c78fb7b494181,5.8
d576089542a44edff25a860322b431b7c56f6dd8,master,927c73d7ff63478e2913878324dbf806bd9eb553,5.9
d576089542a44edff25a860322b431b7c56f6dd8,master,72b425bd5dfed9b3c01663d24bd2a1903f7624e0,5.10
2951c10fd12c53023f2a0061f3e9d0bde34d57f7,master,62de70afad1616dbbf45e65e8ee8e02315c90ead,5.10
5e19d3fb49ee1bf5141bb14260c2d36aa30f5bfb,master,a4b9f2fe0ed07aea68ae3fb7de5e9d7ad8aae48e,5.9
5e19d3fb49ee1bf5141bb14260c2d36aa30f5bfb,master,84d8a4b19df184ce75ae76b82d3117faad935e1a,5.10
8be91d878bd128a657e317749cfec68d251d27fb,master,24575109d24f5d2e18c34e5f04563651908281ae,5.9
8be91d878bd128a657e317749cfec68d251d27fb,master,b4a4178935b87adbfb75f5bd942d803bd0eef4a6,5.10
5cebb1febb209bd447330a94c8d78d9a03f7eb2f,master,c2d3f9c775cf2148c42f220977c92e5403001936,5.9
9e865487dcf69662c42c75576762ef8bd8a7c328,master,2be3ea5bde1afaf2558b27e1564efd1e7f0a4389,5.9
9e865487dcf69662c42c75576762ef8bd8a7c328,master,7e7193f1b968a3cef2c8dba34833177e16c48401,5.10
eb25315655e602a61877f00adc097222802f8d02,master,f41a128514997a8061f786596e2fc20e979c0672,5.9
eb25315655e602a61877f00adc097222802f8d02,master,9197f064a3f8f9fee762ce48e45c62311dc0d55a,5.10
d85eba28a369253079aca3676f102996e75fbc96,master,b34878c67426ff36510d90593b589afd5b4facc4,5.10
1773a41e1d9171fe62e1a5e0aed7cbb3754eea99,master,980d38ada0286f56ad3dd9594c1019081ee14c5d,5.10
2dbd2d73bf7d47865b671f365af7bcfa39d34ae9,master,55e870320ffee419d89bf5408843d55229f7f22e,5.10
4cc5538f2c6e31e1b95083922f87451fb8617dba,master,1f1f54de07bc2edff3b22619e4235739f3811d7d,5.10
f31a7c09d14149c646812931cbef6b34dacf6a56,master,b9df92ed5f9fd3d84a6c3f999aa04ee82947d73c,5.10
92e1791b2924ea99f98b201de715e74065b2b4e1,master,6c42f50d5e21fb6c2fa96ca75b4e8ead80f39fb9,5.9
6b37f9eb470a18a19c0899f25873b8eaf435a655,master,255a97870978a88ec313d1b67dd39c51b5608478,5.10
4b79055a20ffe9ba6a6853e6635ff0d9a87119bb,master,d7fef30967923050acd7c602f11eed9f8fb0f76b,5.9
cde0e5ea5bd75874bd800b48d105df5e0e61bfbf,master,536576454d4420db4284ccc76c89b7c8aa5bddf9,5.10
cde0e5ea5bd75874bd800b48d105df5e0e61bfbf,master,c03449ee5a7804de1dddbd002c56fd05296ab047,5.9
a95b988a5031296a6a9981fb6ebedaebdb90bc1f,master,dd426abfea5d67ae5a64c64c4098793938cebfd0,5.7
a95b988a5031296a6a9981fb6ebedaebdb90bc1f,master,0e9192d9e6082c6350252d05269459b225b2b55b,5.8
5cebb1febb209bd447330a94c8d78d9a03f7eb2f,master,f6c81eca9daff65d79de9550ddc1ebb5bddf089d,5.10
8bc85c39589d0e61f609be2b29f8a72917679876,master,9ceafc6fe05b79c7f1575be0cdd317e5feafb123,5.9
c91787a6012299468b835a70ff221521c26011a2,master,992eb6148ce9997af6114a105f05a93a567472c1,5.10
c1b7b3968d041287760e2eb111778ce84a527834,master,92faafbbbac33308e5c0a5a58c4cc940748f8f73,5.9
b42d7f114f55c8ab0d41b0df1ecf0e871bb67f9f,master,432d8c4b5f4f23fa698e6fe4568cecc5e33187f6,5.9
ec2ed256dba95da9d2b8b00d66c74b516896063f,master,8c2c3459d70432cd334662919168aaee18083b17,4.8
374aa62083e6cf9a801ca6a3c5ef65cb0967dc4d,master,2f3e9ec31365c7976933a92d5f143734cafe3006,5.10
86114f2ec05fea5c5ab56a9cfbe07c6cab131fb4,master,bdeaef7f4e12e362f1da67fd7c13fc68e999bff6,5.9
8d18bae5f0642d9ed80cafac3673f398e5a9e0cd,master,5e2783183faec9ec164cd74cf8620dd3a9819241,5.9
8d18bae5f0642d9ed80cafac3673f398e5a9e0cd,master,8f7fc540f60f9a0b9b16a2f17c0cc7f2c9f014c1,5.10
aa0d7513fde480ee27ca28faa110c9165cc19666,master,c4bdd6964d6edc8241bae522e79082f885566409,5.9
332a3c28840941c941aa5b1c4faf3a874f6790ea,master,97ac046fd2719150b2faf7ca2acedc27d8024a90,5.9
15aac231208dc300e232ed6859452d228ea205d8,master,e99f76f4b5032237c0c3fd0d80455d3556a35697,5.9
15aac231208dc300e232ed6859452d228ea205d8,master,3ca973b534add6de45219ff35e83d06c1c45e4be,5.10
c9f768700472a51256b7362f4df3c674fdde3bdd,master,06b33e20b9af29eefd172b14152ef3b2b4a77460,5.10
7816df264aff66ce55cea53ecb303d42dbd7c1cd,master,0feababaef4b92d56d0efae1258148e62467f432,5.9
240e0a7b1930ffddcbd74cd391d6fa85c33a4f05,master,78610d93d726f00e64dd9c8b8d4913283c22d99b,5.9
240e0a7b1930ffddcbd74cd391d6fa85c33a4f05,master,8b405b00438cffb901df93db6b99ff33ac8974cf,5.10
a0ca7fc62dfbbfb487bc117baf9f7a2c499cf397,master,41fb942b2289a3c65c6c9bba621a0c8ddaf6d471,5.9
a0ca7fc62dfbbfb487bc117baf9f7a2c499cf397,master,acbd2ac7cdda919d2536f5568fab9119e5b6be98,5.10
1b1379434e80e26e88c30008c65d4007c5c692e3,master,f58c27e8325ad895207c66407d5c0bef76a7b681,5.9
eb4f11fd2f54d138a3fc08f3def43e5d286d7f06,master,d3c8960bd31d736d745fcb72d0aca79d36e1b9c8,5.9
4143e9afbbc41a4fd2ad64527a7658e0a4480a21,master,414e3b417c159929207a286573f447e42fc302d3,4.8
326971a6e9d61300977090e55d162305f291b85d,master,57665e57f16880678f418d1dc85adf3a8a24aa85,5.9
cdf0a9eebf407b1128023c51c5bd4ba267763e6f,master,c922e99ea53a50de1be112b664a422d8bd1afafd,5.9
8dffdb4e8ee1c342a1fc8df8bb52df0a716b4f36,master,7498e18cdb041ab3af329411e500837d008108f2,5.9
c52cedb35132d477bbbb01d019975ecea5180da5,master,2660fde62d0c1553b293ab9d832365fc32ae9e67,5.9
8126f3c8f82c1900047ef28f8bf5bedd20ab52dc,master,3500a5bacf76d35e4754a1d9f9b6c6c29bec6e57,5.9
162c4594db51420c2dba404b8d0f54ff50a32026,master,b017ee03c12c294d25631134db460a609486f9bc,5.9
4a0e6f2f27c675f426977a6fa30f11a4180d689b,master,a534749fd4d960bb9a55043832389fe5d11274f3,5.9
4f7fabaf4a8ada2e0ff65dfe1422a3fc43f0a3f9,master,fd30324948b39ec178c6a9a7b15e0ddabd13c893,5.9
b80dac2ee7434fa3d727678b8d96fe8130b5aa16,master,0fd6e967d236eade8215a9b7b9021b5a8ebb1ed2,5.9
8121f192202b3aa8ccdff63232cb968bf7d6a0c3,master,4f2b886a1bc761fd68d867377544cf3cd2fbf7cf,5.9
75ae77104b531a11dbf584ae80e15fbcc1adf141,master,3b0f0a8b167f3434bc1c89e7e5c0c82f19b9e2a3,5.9
b4f59f88027c3057ba33f110391d91d55edeebfb,master,f5c2b54acd37db9dbba8354b78f6c0d815da7073,5.9
308d7c9b1f6f7885c38b762db2b79c7c766ca705,master,0648f7af17268b9826512a6149405926ceab16bd,5.9
1b2b12dd8c54aa60d5113c2161a992c21cd4b160,master,eb8f9e20b695758411fe5277be99320216988a8e,5.9
c68bf5cea197e1b7c6e5aea6ae2c945414aa57c0,master,c5eb1ed7f7be1748726ca91d90af93fc6ac64fac,5.9
38226a5d019873e01d51ca779c0ad457db50e082,master,41e49836b1017cdad96b3e778c49b769c4aad38a,5.9
88a4e9d415d35a45506b3cf63f84a1e5b331c79c,master,cd61d9b930904d92e21f159a7a79c1e602265446,5.9
afec91e38721830abaf752fa38df9cdbbd3a3ab5,master,a39c2dcc732f90e4faa40a6020a0ec562a005f0b,5.9
52821a160a1a720097671cc0233b729f8d0c3355,master,5226b6913ce7de2ea303454100eb253291bf3c8f,5.9
c7d6fd05615ad1c0ddc6a13a830440ad347f2610,master,b194dcb4578659f256be43dbc298d987d7aa051d,5.9
3b9b43b1c08b3a66567fa9a7d97c4569b3e69860,master,84a078e39eaa2b7000a56635adf30ba98481f3cc,5.9
92127e65a62fcbf2aad67520712f477fa46e63a0,master,cd575486fee6c4dca92745c7afcb5faffa7767b8,5.9
106cef3748e76af7c6749ea912435469167a3a06,master,c0355d5f665fe75504fcb4ddea9f5f4d9b124b52,5.9
0e2c675e33125b816cdb738e383912247d7af4a0,master,8108b22ce22f1fe44a4dce181aaf1a267edc5f28,5.9
601c7e1fa45b331836842b36b8efd94af119037b,master,e9cfc0c0e3facce23392b56d6bc65d3968bbc4c7,5.9
75c1444a500fff2761ee3f24fb72702e06703fac,master,e61377b2b8294072651b140dd3be408ec35f3ea0,5.9
3481af304449c3b306d769af3f7f2e40f58d3170,master,35345ac31e769e84d64bb2b8dd0559cab006542b,5.9
e9f958cc965b47bf59f71090263af47741ea9a18,master,c6e6240fcd9db4e95b04f4d17b2080ac18c8b4ad,5.9
fe7c3eaa0a29073862b183afb894d22314ceaabd,master,32e8ef984485bdad74aaaa4e7882d124b2fc7582,5.8
fe7c3eaa0a29073862b183afb894d22314ceaabd,master,325b0536248c7dc87bfb551a7ec2c8c88a60edef,5.9
03b03383d96d9109b57c285221ca3eb1c3a20f64,master,7e0562ab10bb8dc67aaf7a73f89bce9bcb37cafb,5.9
0e8b8fc34bc388e70b9f48e14cd256c54a15d37c,master,cf9a4b14d7cbc6cd14d4423b41cffaf33be549e2,5.9
321f2939c4cc8441f0a8f4b7580ef7bda2d757a2,master,b51346a3d5edd4656a13110bb458d1f3f3252be6,5.9
f4090c2704119d629805425477a59a2625fb2fd1,master,784541b952b2dad92d77f55c06d7f9fa6bd84d05,5.9
87c6dfac64ad10dec5183693349f1ab3f6454bf1,master,c625ab39f76d28f387d07fd7064a864eceed01c9,5.9
4143e9afbbc41a4fd2ad64527a7658e0a4480a21,master,c7aa041e151fda031fcdfd999dcfa9d703b5979f,5.8
4143e9afbbc41a4fd2ad64527a7658e0a4480a21,master,e407f122689acdaf5df8599e1330d875d3500956,5.9
a95b988a5031296a6a9981fb6ebedaebdb90bc1f,master,c6ebf38d9ccb0e800b2f07825cf0a45bc8b45bf4,5.9
167faf69ee5a52f2e50b319cca8e337186de842c,master,6d6be637d336289a81a39662c3f9839809ca069d,5.9
dea6e9b5ff707dd58ab9cebf9219d4565dd42e50,master,06a83ce3f994fb75808df6a198200d7d1e08ab3a,5.9
c4e5cb305ee2a07c1b0c5c06d876111194ba5c18,master,5f5c3ba8dfe2040d002d29ee764dd58bc2061686,5.9
e0443823a66c0ba5839055cdffa59a19d84c42c7,master,37a9e250c32e92287226b6cdb364771d5f9d77df,5.9
789257314198d3f8d0d9e6be82de9cea7fc236b4,master,0fdb97d705f3e12ae44c719819efa3e67a0d560e,5.9
b532506f13b91c582af9daf5fef6ca51e856195a,master,a230d382dba17c1c37d3ac6fc999e75fdd4b88aa,5.9
9c0d374a832f368a1870623b8cfd935d7ed1b933,master,d1e7619192ed98c1c6d53feaf3d5d99c4a049039,5.9
5f8261ed091e765be6b45d3834e8faaadc4174ab,master,e63f83e397e28ffa437132fd284c782a5b603d5e,5.9
9a302b6519cad5953dfbeeceecfef60d7c33a78a,master,04f365ffbe251a7fc26f427fe385bc3b2c9c5c0c,5.9
b019c452e6b704674675e6ee61fa5d5c4dfc3ad8,master,2e14a2d30e7f56ed874f909dca97071b4f059a1a,5.9
d150a2e57f8a6da80bacf146f934d8e0cd87466b,master,007682aa53eebc124e6406977dd03a50d3433630,5.9
458518262c438243467d813be71292f8f4fa4abf,master,fdd46d506b29e7f2e79bc9b903dca244160b9309,5.8
458518262c438243467d813be71292f8f4fa4abf,master,58c2ac1d8925447194b5072b2bf51ea8d707130b,5.9
d1755ed6dd36322bc5b13df2e4d086753cf67617,master,e77baa39bc0c93e88275465ea77da1647bfb8b03,5.9
cfa8b7d57facf6f56c1b4c30b40fcaa2768e30ca,master,5151bebbf2318f4070fe60fd0e23b293d063096d,5.8
cfa8b7d57facf6f56c1b4c30b40fcaa2768e30ca,master,8d2923bc1e2aadfc1e4c5ab6addc0d0f107c58be,5.9
fe2c197b6eb94389b3cecc9c83aed56f40154b62,master,c41e01bc4743349a5b3d1173313f11afd37c45ba,5.8
fe2c197b6eb94389b3cecc9c83aed56f40154b62,master,e1846f6f95b7296cacb94c791535831bafc12d60,5.9
f788654189b79862a543d0bcc41bca882342cc61,master,6adc3300b8cc4b0f8d5a7ccaf334eb241179053d,5.9
7fe5ef43024f42ee1b1f40195fc79c3528bbd7ba,master,9e21c11c99bc54021787e51ec6be2c50437c7a08,5.9
7fe5ef43024f42ee1b1f40195fc79c3528bbd7ba,master,47ca2f3482b81451995e97088baa44e036b91009,5.8
ec2ed256dba95da9d2b8b00d66c74b516896063f,master,56bc8e61aedd889f2755812ad7a2e8f8ab1dd3bf,5.9
ec2ed256dba95da9d2b8b00d66c74b516896063f,master,6c82df6dc630fd19889b307a13624a0f7b6db09e,5.8
ec2ed256dba95da9d2b8b00d66c74b516896063f,master,3b93de62d0783fe15b4fb5124d01aeedffacc5ae,5.7
4638323d3c7ffc2f002348e1059bfb9a4b9f5774,master,78b6c6617e8a3f2d5c9322b4877b8777515db8cd,5.9
e479a5c607c87ae31bd9eee528daa60491524daa,master,42d8f0604ca463de06850e2e661f66f249bf4c6c,5.8
e479a5c607c87ae31bd9eee528daa60491524daa,master,52c01b8e1248eff0e18520d3268dd74671af5969,5.9
0c000598a17d0e7aed28bcb1288bb8227a59f954,master,224ad3794a8dd262ff48c5758297e30a2b338485,5.9
ed1d3ca651848e61409ecdae3364dc1b5e0b33ad,master,90e252c766eb1de0b7c0646fbe4b21090f324d3e,5.9
ef65c3bb2b5f7e5cc2a8143cfa5cbe98599c12e5,master,143fdca995a4b43e0e7e61bb3560ce0b85a4af8c,5.9
dcd1e6e00bc662bd8b6654aa9c1f540494ca9dd0,master,e73fb4a3428b3e2de2e3e72f35d52b1e8fe22a74,5.8
dcd1e6e00bc662bd8b6654aa9c1f540494ca9dd0,master,b27e9c9c9fbb0a1dccbbe2f780b966a76239dba2,5.9
12e116e3f09f4ff96088cdbeb2eb599d2cc42a70,master,7468961f0db1c88d6a8da48f904167f2b0e4aff6,5.8
12e116e3f09f4ff96088cdbeb2eb599d2cc42a70,master,d03997d98a2b51888512286a633d1d70b703c6aa,5.9
f6872b0da0812e0ff8ca669b5e13c60b363fbda8,master,33e4c6f347293db58d556371664975b29507ebb7,5.8
90f19dbe54241d0dfb21ed44b859831c5d2bb04b,master,eb2f7ace9f076c2a679adcaeedde33afdb642e36,5.8
90f19dbe54241d0dfb21ed44b859831c5d2bb04b,master,56488d9ed158edb0e724b1f4863c7d91b3d463de,5.9
08d11dbe2cae0c600b48c9058608bbdb31f01eef,master,310e3d841771b26e167965644c296010fd7b1bbd,5.8
08d11dbe2cae0c600b48c9058608bbdb31f01eef,master,f1a422d50f55f6f8101bbc5ef19dbfb3294a9079,5.9
adf9854bdb9cbf08dde206c0a1e005a5ea3379c9,master,b92b08dc1f9d9ffd4c84a68d21ccb08dfe85a1c8,5.8
35979d3c4226ce9e13f6d6d5bdf154bdb356ff31,master,064c90f128f7455932a50006eaa4af4c4528c5d4,5.9
752a752480e05cb6a8f42182c9125e4fffdefeea,master,1001dcf60310c470618ef5b8030f52d98b1e356e,5.8
752a752480e05cb6a8f42182c9125e4fffdefeea,master,33b1f7a6f2f20bb50d8a143ffe5093dd672c9be4,5.9
302fb76d541137f7e3dac1624064a03731a1ff60,master,dd130224d5f681a2ea4c2435b1a6402aa13debcc,5.9
bb33399cc2b9cde1836e7bae4a92f2020f2fb3fc,master,71e14359e43b60d88faf5a5d22ab563154fabb81,5.9
991a74a6c6feec30f3f5768459967d6502ba0a58,master,845ca77b1c878b8a2f24bb1e39a41b277d316a41,5.8
991a74a6c6feec30f3f5768459967d6502ba0a58,master,ff4a72c83f47bbe0abdba3c6454741736ea4c149,5.9
088f7b14433d025e03919b8020afbe8e6251587b,master,b2e6e33f7c9021be6db4d4c4bdcec40cd942ed04,5.7
088f7b14433d025e03919b8020afbe8e6251587b,master,6be017b40325c44075c4abed6ef2c8ce037758b2,5.8
ef27c36cdb2015a6af89eecb36149d0eba35cd57,master,085d163ad72ebbb4bbc6b719fc14298dd9456163,5.8
77caeaf06fa6b211f18995099e99c0ab74c0a267,master,9252bfaa7eb41f3de40d17d3a831f83a2e3bcccf,5.9
addd34f3b5211212efe69a1c9626dde65c87cd80,master,ca433135fa9b3bb5eba9fd7cec78aaa4a339f634,5.9
634ce39090667d40a93fedc44cf0c4b476d58ec9,master,2b8273244e3269fe95c0b8ff0187232c519223b6,5.8
634ce39090667d40a93fedc44cf0c4b476d58ec9,master,8ee90d1c3709281d0eddc432e0cf2e2153f16348,5.9
c4e51c0da6fb975d6ac4713c22688b714d91379f,master,1c618539c75a7a257b7495fcc5f61ce75eb23f5a,5.8
c4e51c0da6fb975d6ac4713c22688b714d91379f,master,c5d9c3c71c50d536d14a5550cc3945247ee5a038,5.9
37adcff74016d1d566e52b0eacf662320ef629ef,master,0e0906286796edf8ca0780bfdf36d9515a047dca,5.8
e6e749ebf12d618322696d0b45f86211efbfed17,master,8705dc06bad61b8f65d9b20d3b35832ef103379a,5.8
c93f0cbee8dcc647f2e167034406be529dfc3858,master,3ca4721c26aea716bd005684abe238e637646fff,5.9
c93f0cbee8dcc647f2e167034406be529dfc3858,master,1433bbaff379e1d20d4f4c54446d4c35b86cb63e,5.8
313314eeb63b36b74ddeb4af41b0889fd92ee8fc,master,5b076417413812c6f5ef1e5d31b21ce0d08720a2,5.8
313314eeb63b36b74ddeb4af41b0889fd92ee8fc,master,2627dbead40fc20d962d751eebf3db2ee541a712,5.9
106436589bb5bde52346e54d66f681117fbc5a8d,master,884f41f152d1b2892076f8e1adc4e15705c3d063,5.8
f21449c48026305e785259f09c6c0eed981f69ad,master,eeeb268d62e855590b0225f85246a4f8e07fcda2,5.8
3f356ed59b2a85a5df1b960ea7994327daed971f,master,adeda242a92a230f2034c51f003b626a2da69427,5.8
3f356ed59b2a85a5df1b960ea7994327daed971f,master,3a65d01338b00eb42bb3f77458160e318d5b8b38,5.9
b88d0cd220e23e2157ef1534fe5bb80c2f2d6d4c,master,77b041d6b0f012115d4a3dbe252e2571f7edef4b,5.8
528f8d5678140a2e04320faa8d38e15586bb8134,master,91954fd6c0026f0eb1fafa442c112f16a7bf0396,5.8
799efdce9a69de72a5aba26a7569476aa4a313c1,master,ea74050fef665fcca8d3369b2284ea244c97777f,5.9
799efdce9a69de72a5aba26a7569476aa4a313c1,master,4410c078f989b2ef2b40ce53c981f32559d773a2,5.8
e4cd05842d50c25cbf931d30fe42c050492b6f84,master,7470163f4256cc12c627f2bdf0ed3f4b8d12d412,5.8
b17fb513c10628786ba6d5f765b96f0b2790c294,master,4bca086366a084ad349ea5a5ef3220d4a9044c76,5.9
898b5ee89d61e1a4f876731ac7fe5091d97aa33c,master,23fce3cd37b28aecfa4dc8b711e42a69bef23240,5.9
2426af42852c720967d8f1694ea688ee2e755d8e,master,7003edf1a9fb44c5e5f1c36e5210301fc9e35766,5.8
93d8f4eff488bf83ed7eba52ce0b4a0ebc0df7bd,master,89c5c5a5ce80c8aebcba27f2bb000344b2a5a675,5.9
c7ea2e0005c1c8ad583373e47ebb93f156c8b9f5,master,679dd3524c2e51a01c7f2db7150b05673cbafa2b,5.8
866a1a09b1accb2fb89fdb0e94b2f7f37d59b359,master,02430ba2ce67fb0bdf5861ff239164d5d72de783,5.7
8c5d5fa9168e253a340abd6fba604c27603e9275,master,a16dcd521ff8c7323830590a23db43c6466ddbfb,5.8
23be7d11e41ddd233d397bd3a30dee7de0aba5dd,master,96fc693d270505824ec2f455dff182abcb8c0a1b,5.8
409b3963f47c81f30c6c429c67cd8dea2ed5940f,master,fe6a722a71ab10973528a45ded5187b520e27c61,5.8
d66b7da89f12216e42183cce260631c854a62f9d,master,0b04fc5dff10113e738f3896300b3d0aed26111a,5.8
9ab01073f481fa126aaf13ba974200a94351186d,master,b4ce56b897c9e0a1a78c2a95ebe264bb1e780ad4,5.8
f52feccb11bd877a2a1d7b3442c6fb99134f3cce,master,6461baeb5d81d7fabcd36d631b795cb9ea8a848a,5.8
a97d13e1e2771a86646938fc969ddf7bbdd124bd,master,68019c3f5a14ab4cec07d35a983cea6fea8a3606,5.8
ba0799d9583c3f571ab6faf1ef1b541a10a6b1dd,master,0952dc55dde8888cea6e6215c5f3b50bb02ca429,5.8
866a1a09b1accb2fb89fdb0e94b2f7f37d59b359,master,867f46001c2add2045c120d1765e62cbde5778e6,5.8
443096aedb87e1108325819346eb7913c74c31be,master,5d1252728cce8ab1cb2ba890c2bf370c0c3bd5a9,5.8
848ca13f56de2e80d2f6d94d14d8c49460d36830,master,82a61e51260272d365e2e354a77624ca4c4e6f90,5.8
dcbd23f6208c99f85aa82d287d75a8eb5955000f,master,20840290fefcb20a549fe8240dfe3ffc1b4c7b82,5.8
8e92adcb6a683d41f0e2bd99cf4cb9ce7e66465d,master,41d0a866129121f102cf3dd50925f26f8da469b8,5.8
9ecf9b81515cb336683f62fc22b44d6876456e03,master,76ad96fa2102c3e898443147e49924a9649040a0,5.7
9ecf9b81515cb336683f62fc22b44d6876456e03,master,cb23890e6075237462f36a895f03e3bb88abd376,5.8
2af286cdb8e89b41dd111f531ec22bb86cbc925b,master,247c9381d7415d7fe390b20c9c2059da861de5e1,5.9
2af286cdb8e89b41dd111f531ec22bb86cbc925b,master,61b14389c6bf8f33e0609c95aa3828d1237389b0,5.8
17533f152e2a74cd49e60744740e61df45dae693,master,b0f63cf2e9ffe53ae8abeb7aa4c48d20b4d33b6a,5.8
2d1d5792c54e7422dbb64fac5894ebcdcd1c92a0,master,6c4fd5e558079c125e6719e40633ba64e1fda2bf,5.8
741ba94f77cdbb798ab4c01868c75569a6740f4d,master,d26db84dbd4779318d628d1548c7a93c8facdced,5.8
741ba94f77cdbb798ab4c01868c75569a6740f4d,master,c67d6a64dd0cc0d342a564f1dc9aab9446e95bc6,4.8
741ba94f77cdbb798ab4c01868c75569a6740f4d,master,5c8d767249835a37a1b330350c1f845f2fc30c6c,5.7
b1f9bde89979ef8be102cb6dde57526078dcc9a7,master,1dd9336a6bb61fa7a5ed5e2b34535c9656560055,5.8
06841f04e0bd92beb081c2d101a8ce96d0ca903e,master,c48c2b7e1cf3a33aa022a55572bd3a64b67c533c,5.8
dec878a20122af1c58200142a4736cd520291b7f,master,d033bf1bc0e27a370f99d3ce3f84cd60f4ffebbf,5.8
2656a8c68d6326761017558f9aaa3f5ae1827d74,master,e029dbb145e74736347807b41680923265cf0ffb,5.8
edda49c20c13293c9e3272597d2e77a834d37a12,master,64ee3ff128850aaa83abf6e0277e559e275dbb9e,5.8
edda49c20c13293c9e3272597d2e77a834d37a12,master,6048fafdee198175531dd1c2dc20fdd00e7e9a23,5.7
7b773956ef9b5f29ccf66ae970c73fd09cd8151c,master,a3a5291faac5847ac52b5bf8135755cc96c4fe68,5.8
af76422c036dedd62e13c847e082ceb20e807807,master,e7f61a8ea057f921777d3ad8dc987b9479dfe29e,5.8
5b6897f855bd020b3af1f12f419786b61d3de4ff,master,09877ce7b07178de1451511b3159c213182f466e,5.8
8ab81e2af5916f8d7ac3393d07717fc156920f40,master,52b9c90be6eb8789180ef892bfb791802bd323c3,5.8
cb7dc3f17bfd640f739f233f39d8b1c727316d92,master,49c22cb08bb62faf70d21816a4011f5e55cf4bae,5.8
2fa928f3f1b20d8094a886d4e76a9ff963631963,master,c1642a3c12d774c1e9dfd9b24a6387a3af80a52a,5.8
14d8ca08473611a21ba9d4860d95cbf075af86c7,master,9659a3e0cd98cdfba7f056816d92585ca269bed7,5.8
cad157e863c4b76ff701b33d2521d06b78ceddd9,master,26886bd514e6b1d1793026624b56fdb004c80c05,5.8
3dea6f6fb4a1fabd94a442fade1747ea3d4a1915,master,6c771f9afe2f1b60bbd8dd7385f40ac8bdff7de7,5.8
9d7c81c04e7a7cc844f94349c34df74ef9c2273b,master,876040fd299f0c57a10c7d52ccb35ce9f0e82053,5.8
a33c70f9bc5b4d42a2e27c932c4bfba5a12eaf97,master,f52b72195e3069c71ddcedb7f1fa2a1b6e00b13f,5.7
a33c70f9bc5b4d42a2e27c932c4bfba5a12eaf97,master,9c29b4ddc2674652c31dd78c7187ef64002abe6a,5.8
8247dffd0a004bc46891c1e6582f1ff6c5edd652,master,70d2bbc28d45d3ea62fc03f7b50371172f58c9f9,5.7
8247dffd0a004bc46891c1e6582f1ff6c5edd652,master,7501bb3277d12f910c44bedaad140337dcd19e1f,5.8
255a585cb17d6ebe42c9e6fc0eb2300e354937b7,master,401a6f6993e27ba262c2583909975afa7d176765,5.8
4d38a5e26c73a7a1249888c9a438a773e153beb9,master,14c058285c47a3c87a591791ba77b00d1bb155e8,5.7
4d38a5e26c73a7a1249888c9a438a773e153beb9,master,d376895035d0fbfd946459c24f6dc057185899f2,5.8
debd59396b0678fdcdbfecc3a63166a049f22863,master,d9ace4d09f7b02b3d76a888ac466c781eac163e9,5.8
debd59396b0678fdcdbfecc3a63166a049f22863,master,a86ef36c5cb449b9d4cb58daf41472067ad816e6,5.7
5b8298c47aa825e64e5d9677b42d0325e2f9277e,master,d1fcfff07d51c90b0fe0aa8c35387f277d058649,5.8
9dbac73e79699488c7fe8836532bc8aa5f928706,master,000c41e9d074bb3f869f28e58e2765a0210e8291,5.8
84d1851e28e3981da050fb78d96abdc5a49235f9,master,0da43d2c255ea3d8469dfd1019cc8ca53e671269,5.7
84d1851e28e3981da050fb78d96abdc5a49235f9,master,99f8462af0432b39ccab8c342d471e815be10ccd,5.8
2d8168edbe038ef99cd03fda0c4b46950e451dbf,master,ba71ef43b761949e0342d198a34166d65b4afca2,5.7
2d8168edbe038ef99cd03fda0c4b46950e451dbf,master,5706fdfba6b21d8731973c372377d3282744c70b,5.8
22f16a014a2eef0c670241368a520084f229c6a8,master,23ef4539f07dbbb9d59b36afa86a306fee389f08,5.7
22f16a014a2eef0c670241368a520084f229c6a8,master,e8eda101b13680934ffcde229840e3ec74ba2470,5.8
011fce12f02df75978860c1e6b68d238cb5d58c1,master,0145a539d4e3d864d79c122e84d70de418440301,5.8
011fce12f02df75978860c1e6b68d238cb5d58c1,master,83b459ab3043be9568fe4ff217582cb0e01cbde3,5.6
011fce12f02df75978860c1e6b68d238cb5d58c1,master,5461a58287e2404db47de94b11c10b58d63fa791,5.7
a88951a72dcd148777a9346a0cc899d220c7814f,master,6afc4afafd57f5da699a0ca99e838571b9c74b84,5.8
a88951a72dcd148777a9346a0cc899d220c7814f,master,b098dfc24dcb210c4069ee20c59c49ed167612f9,5.7
8a46c0451522f6e8c917785dafbfa7bf15b4e6c9,master,e66d8509b017e3d856796c35eb86b5c242d9213b,5.7
8a46c0451522f6e8c917785dafbfa7bf15b4e6c9,master,877c028cf842ab61dc0007d4c431ab8476dececa,5.8
4001c922fd8bb0dd54d2ea148333be6ec257ce84,master,1361a701f87d1e17003fa5ba89b128806e2601ae,5.8
5e8635bde67b0a40eea5a1de22950caab72c6ade,master,8458d539b49aecf2d70aa9a5724e861d24249d03,5.7
5e8635bde67b0a40eea5a1de22950caab72c6ade,master,799fcaf6b8fb1b5ee36b3355b210c3196db2853c,5.8
27413adb352fbfcb967c8c6900e8123446232307,master,99b96fe14fce4d5a7c317a92f54e8b424fcdb04d,5.7
27413adb352fbfcb967c8c6900e8123446232307,master,05f8f0467467a4e715bb5d83c61102c57da81191,5.8
906d468230d6950a2a706910459eef81451551fc,master,2c87c68d7d4c84c7c29523ccde41bfa591868823,5.8
78ad2f56b6c1a64ea15119798cc5a9978df3152e,master,3d0a0baa719e8cc064414c6e798175b532bff202,5.7
78ad2f56b6c1a64ea15119798cc5a9978df3152e,master,31c4f30c15c2dd77f8365a5bf72864fdd924a8ed,5.8
bc1f674ddf27cd59dd4ade75d206abda6988de65,master,dea4f45ac63c53d62f65919d9d8167ed1180a6e9,5.7
a204e006262e59cdcb1d74f2e9e64ae4af97de7c,master,a8e016489cc4829433493682dfbf2e2de9f86f62,5.7
8645230d244b0c1800450f4dbdb2d00f3987fac8,master,7c298fe01627a97444b46cd5c65da9eb4f7ca025,5.7
8645230d244b0c1800450f4dbdb2d00f3987fac8,master,44da9cce1f702a819f46ba64c9d6171a28472c3a,5.8
d4357207c043d54e9caa7ee075ef00cbe8dae0c0,master,fd4bf11db217fe49cd4bda5b51310d736fccbcd0,5.7
469a27fff7b21b6164e9582a81026da29a2e0794,master,2834c6aaca1b26d87325d861507ef66e30a03411,5.7
c5527222e4281381dd8893d196d97a10f995aed8,master,600823de1b33716ffc6c44493f76f0871407758d,5.7
a9b402ecedd96c3db5a4945937b7d90ae03457a3,master,f87b356d106bbe897b577dfabc996bf8821d7c46,5.7
9f41f80c6d8ca6ff313e94b5a35b8edf31b5e332,master,089a74aed8888f0a9e3ef593b68187c035253672,5.5
9f41f80c6d8ca6ff313e94b5a35b8edf31b5e332,master,aadab08b64f6569c9b5221ef025ef3b88615ffac,5.7
9f41f80c6d8ca6ff313e94b5a35b8edf31b5e332,master,55bbfe2d1ece4342f29b0c37cb15f6b1866d7c85,5.6
d4107da41fbaf8c38f89893b620b1a62ce978518,master,c7cd78eb093d9f175f624eec34114f55f5d16559,5.7
395c3801dc0d987e2da617a8d88ac584739185c4,master,c79afce4196d7e07624a15a01086981a4caee93a,5.8
c1dc582bfbdd50117e70612c744173e8b4475028,master,92b11f5235bdfb62d6092a3e73210621ac42bd26,5.7
daa55888457095224f6b89f2c0c79c4188b0f604,master,ef034c0d8e9787cf90e5a25f930b88ac1bd68ce2,5.7
7a1ca39f12b5cc764cad9e23cba67bb525c85880,master,e364471e195c0ef16147ac5e8086a667577afcdb,5.7
5ffe21e05928d48a9010ff5fb9e0de639624a3f9,master,6c24e99e6d83ba6cec4d2af87411ffe999815ed0,5.7
49bd4541fcd2020720ffe983f314da65be649fcf,master,a92b9254341a1e26ee1afed13f779733d3361bc3,5.7
f0174b12347e21140fa9f8625c2f9bd2146dfed3,master,477327c47e6a1c16ec596f61ebad528be1db1648,5.7
3b37290a2c63624c6b87247031811dcd37828866,master,db3e8a70896ad69ae637c137e2e2f5986da085a4,5.7
302c91871ca5c6b34dac07c01ef03f6f2e0017ee,master,72383bba30ad4ea859eb6a508bf4c39b80443821,5.7
39d72d5ee8112da42b82eb697e0483bb6136c770,master,1e30bc27ace834428058b9ca564431cde8f543a7,5.7
ecc5aaa80447d950508e1c3b7be939fe91afdf54,master,1123154796f4ded3559a7ae474bc9af4c29b27cd,5.7
0af397739c7acccced5c8b03d795754831b46b07,master,f5f7ab353ad4eb57200d007e7c7b06f1c69f3204,5.7
0af397739c7acccced5c8b03d795754831b46b07,master,ad503d35fcc799b9c72108230dbad7d6ff4fc7d9,5.8
3241a348eefc12a4dd46e4ee29e5ed4e77df7e3a,master,58fb86524342a5cf8fc8c66d8a6dd1369cce8117,5.7
6dc8f65350d8dfe032d06c93ab1bc607f92763a3,master,950b76f29461babd755f24ac7a711594d9d2fb02,5.7
df1e010206af466fd8e115be26e5921f39d91ddd,master,29666326ce91d84566341ce893bffcccafa521ad,5.7
f4594c23a7847e49ca036158c183e76ba5493929,master,6e8a691d95c5ebbf6ed035645164017af0cf3063,5.7
f676a1d49dbfbf1f3ba058284213725ded688b47,master,773ccb27a0ac382a38bf15a8eaeeb5b5e591e504,5.7
d8c0c5a6e89677765a996f40ab9bee9ddafc9b7f,master,1dc69eb337a6fa0f7f430fbc757e2f0aa87161ac,5.7
2d40b150bdd47224c8c7d865ddb6699fb112262f,master,8d5755a28897d9d86b5188558eecad850ead4d17,5.7
70ddc1f6eab604ab4220b15c81dfd19a33c621dc,master,2dbf01bcf0b8682c4bc278e204d95b4033d71c45,5.7
fe0d57189c44c13fd0eba19cc9bc3afd340c0861,master,87e588262fb9c9626019dcc68b23b8ca872c628c,5.7
2c86cc10d4fc00a287e2b96f6d97984e387f6574,master,d8ab5b712f2c17716f4bfd242711f27e322ee5c5,5.7
c66bc0970f882673957976bf20da0f54786d80e5,master,cef62ef4e7c1c87f34b54eb8234415562e96b767,5.7
8cab12c394a9f39d713b5b71ae77a76561482703,master,543581320a8841e5399b5ec1582e111a1c0c57ed,5.7
3a557992351e4b2da82a277e94fe164e234fb7a5,master,5a58357cf931757d93876526837240de743ebb96,5.7
dd8fade7a29924c2b38b7576a36567e8a1e794b5,master,03c4db7c879e28659737460f2c2a5d5e836f45c2,5.7
d206f3bf76d9650aa113dfcdf5ccf6d380ba0266,master,8490c1fa71c85fb8543de759a426508bc5744db7,5.7
58c8267068f0a8b1e0ba13b69dfe2fb4a4686cd5,master,d49bb79a21355b31bcc8a32bc28ae3675319a9bd,5.7
eddf12cf650422cb410a5103c32f67275f70e3d3,master,58a6a3ffe4fa0a2b70600f1f417a6d7382b96ed0,5.7
048111ddc63f25557606242f86cb2df088e386b4,master,6476ef747131f2663e065ba3f4d4d9a8995a02f7,5.7
46784eb53d19cb4bc55cf5300227133d9c45b4c0,master,719da7fe63d79c35ed222c6531e1ecd838512bbe,5.6
46784eb53d19cb4bc55cf5300227133d9c45b4c0,master,91745bb9ebb24f9b470fab99449d3bf2d5a66ab9,5.7
f6cf0d375a836895062662448ddf28d24b702a10,master,d38046f29750cdb7de75ceaa1b53b90eb397cdf6,5.7
7a5b60e070119291b1d40c56a1317df89a3d554e,master,4d35f1e8c08ca1d27b491c5326a1e425059c2645,5.7
fd843694f848d9615bb23849a106339099c5d2c6,master,11062c8d315634aecd072d4bad5f48128f3ec234,5.6
fd843694f848d9615bb23849a106339099c5d2c6,master,d3c2bfd590a49873dccb072a4fcf4b05a7454d89,5.7
f6cf0d375a836895062662448ddf28d24b702a10,master,8748145b238b743868bfc6ad71751bcb3e915976,5.6
4fd6e4196b8d56aa0ec97003f3675be3422fb393,master,22e065f5c0699c594a011658b6a95c416707838b,5.7
a19fa06d85aed485d26ddecb9998e49d80dfbc79,master,10c3cacf8e0b2805e2524dde424b21168a835ba4,5.6
a19fa06d85aed485d26ddecb9998e49d80dfbc79,master,b4e2396c726a401da6662bfe81120c57808385b4,5.7
df4da00fa7a6213169e3b5353fd21f2d8efbf5a0,master,97db5e550282d9d12b6e1a891683ec187861d8a6,5.7
d1e3d9466bd78c5eb20067c9c0dd1a702c0b6892,master,4c06424228c08589049572bdd5f69b624f07bdd4,5.6
d1e3d9466bd78c5eb20067c9c0dd1a702c0b6892,master,588c7f5c87dcb7bedd696e9b50fca7e341b4e88e,5.7
0b99d1983ee19218007e2e6da8e2e12d252daecd,master,bec41b41ed0e63d93a3ee65f730aff497c974f77,5.7
0b99d1983ee19218007e2e6da8e2e12d252daecd,master,63e48438123d994e0031e086f66388810984024b,5.6
e465023281585265d178276c9d4c3ccee298fe7b,master,a3eb0c6da76283c2615cdcf42c36b96cc186b91b,5.6
e465023281585265d178276c9d4c3ccee298fe7b,master,6f4be01e5ea8e63c9d4228b5f6c1d60240b0b366,5.7
14be218ebc7bc3eb2ea22382366844dbefc2aa9c,master,d77ea7abdaf3689f41fc37faf9662b02db124bfa,5.6
14be218ebc7bc3eb2ea22382366844dbefc2aa9c,master,e0aae6c63f62ae076c1afc33a36261a2b0ad72b7,5.7
94057daa537457e1e6e50904e26eba07eada48d9,master,c3cf2b9763652499b8f10cfb3da4b3ad039317bf,5.7
94057daa537457e1e6e50904e26eba07eada48d9,master,64e9ac5ab7c2b3831f802d29a44a51adfec7a4f6,5.6
ac85205aafbc74171e5f7fdd42c5c1855f9551a5,master,d968bf2d80317e0e8817e187b136c8a51927027c,5.6
ac85205aafbc74171e5f7fdd42c5c1855f9551a5,master,b65e7f3dfe65d0c4d1443ef2ae683c1036d700c4,5.7
f03f1dbd313c5fcb9d5ef21d3210a29e4ba0df9d,master,eaa4af0a7e52aca6f044e6aaf652fae1a5b306ca,5.7
ab5ed23d967161babc3d50d22fd53feb00ed3c88,master,ea770169034926f5b5e439036e02f90a316a35c1,5.6
ab5ed23d967161babc3d50d22fd53feb00ed3c88,master,a757f21adff26713d33effa73ed0f9909f5dcf02,5.7
c77d091150e74221bf13b8df3d8735649e544fdc,master,b54c1798b784e53d50d273c7965d944c06bf787a,5.7
c77d091150e74221bf13b8df3d8735649e544fdc,master,f1cc59544a06bc77f7e03cc7798454c6c92ef3a5,5.6
acc65ecddcda904d9e98365f529cb9c8cd7e82f0,5.5,27e36d4fd4198cf373c7825e5691eb6474fd23d0,master
acc65ecddcda904d9e98365f529cb9c8cd7e82f0,5.5,7056489350b8eee9f55c1cbf5d115741a9599e5b,5.6
acc65ecddcda904d9e98365f529cb9c8cd7e82f0,5.5,379e2a65ed157397f8f2443affe11e4756ad7c77,5.7
539666865d7f46bd0d0d064ca477de791e71e6d2,master,b8c6d4b6cc3c500ef60ad185b8d30cd6772fb82b,5.7
03f539a6812b5a31f27a2f787db77b61dfc6a677,master,3d32b77eabf63c3a30b388d377e96e44ba3e624f,5.6
7c700003ecfdb52b7c81963a7120217d3a28ed66,master,b4c382e6759e9699c71951601fb375dad34b6969,5.7
46ca1ba1ae1b3c2af65b820aaeca95e359206475,master,93b41480735cdd856187c30c56f55f194c30aa81,5.6
e4305a79bd03b2696c0f15a5495b06c7b52d3edc,master,fda8a195c3952d3636ca4e25adfc6d7e0106d03e,5.6
0eb245b8c752ffaaa5a11ae1d02bfdd96298670f,master,55aaacf8795c18ec41f12e7428155fbd10a179d8,5.6
f84485040bb2c37dc2ca91b7e11e18a50603fbd3,master,f909b81f6cf7f84ee9131cb2787d2144acbc10a7,5.6
8faee0098c4ccea9b04b4d2c8166aa266e03bc98,master,9555d42a0745e4a18b52c91807cfae15edfc506f,5.6
8fcf75a943db12d79e4874895c1d6fc6b82727a3,master,d2f3ee1b16366faf6c9dbdc903de93fea8cbd8a8,5.7
70ac4aac2c466c4e1a01968138e404b48b994e11,master,008fa81af7956a13a44ebe938b67894f5ea33a48,5.6
25433c52ea9be16acf729d2c549e07b92798e2cc,master,95310dc3add3a1e34bab2d02359ad74e29617c79,5.6
663793c8cde1d4daa0c491ec2f881fcf999189b2,master,59f430b4b94dd1d094f68d80c9ed109ffb75eed4,5.6
663793c8cde1d4daa0c491ec2f881fcf999189b2,master,4f389d2c1b39ce00d8c6b424398a837cb46fe32f,5.7
bed01c7c2c3fe84eece5322bbd92db6742913590,master,3d73d57a6243f5fcd20b329eaa3f16de706ede37,5.6
72420c3afb6c4c1cbdda8e8349244d89272da54b,master,53c957bf07f951cacaa5f1a49f399ccc419a9f59,5.6
e6eb36522591e980601a94dd4c1698c59078ab75,master,5c2014c8974531822aa511e1a513691255070f9a,5.6
aff1c9ee112bd575e685951cd46e43516acdb6c1,master,6b647579e4449700daeeee5d480b5f9b110c3e08,5.6
5c0c8d779017a569cdfb11890d542d46f34d3554,master,4b49bdfd853b46c9619022eb9a5526dc52f012f7,5.6
1967e92a00147a1c46faab9cd550b48454d8a76a,master,78897aa251eb07dc104666adbdd789693132e941,5.6
01485ddd02cd4287bfad6dcc728db84e79ee2689,master,87837fcc3484b079b7b80ceb60cdefa2b00328f7,5.6
76a3b4108a48df81d76b7be81fa5d51ea4cf9854,master,ab1c036e253d1e2b9f49ac4d35b7d0fa59d1dc79,5.6
a143937ad274018991f53e8839a56249f7fdb9d4,master,7fa3c3f627025a1133b379c101e5283c1db9c7c7,5.6
5f7a3f4aa150dd6a54deeacde3fbfea5639a6c4d,master,47368c8c1d7c22a4cf59c938405e77442a361e61,5.6
3bcdb067bb6398955ea27f09a436331f2ea1f03c,master,c08767c418103651cfeb105d7a5e20fb42895ad7,5.6
3d3dfa3356eded8f46afb1e5a99427b967fb0858,master,0e8dc60544163b8f26942b4231b0e1bbe4d13678,5.6
ddef9b04a188251a375aacef9f6a2411ff8a78ad,master,c4f312986516b1e1b8c33dab1aa1f5cb038fa67e,5.6
ef87249ec52bd35c970c169ef8a68ce03589abe5,master,19a58e178646e670a2dec8493ef38ca820617a03,5.6
fbca07b53777bb1b631ebf4195ecc3cc2b5b3d2a,master,ead06a8d47b16594eed81c675b3647c301214c36,5.6
73778220a2031cdbc0f19fee7bbf4dc32b1fe991,master,963aaf1bd8c93e142a99ff6c8355f063316fc17d,5.6
ea8bf6c63d57ecd44247354e53e855e20c9235e8,master,90573e7cb889144088d6f68536dddd63b04a9339,5.6
baed78addd1a7eba65c3d5c98ed23871ade5a3ca,master,0ab60914ad9cf60bdce2ab1e5e4e13bffa40912f,5.6
33709e387e3b3ea683d12dd09f203faaaa16ab4b,master,1741d6760384dcc5356562bf6dc9dde3b18db766,5.6
bb2ec1d7e30a834c8573156908924145415c4c6b,master,6ab0c0bc95bf2524bf9fe17f733aa94a9b2425f0,5.6
1db6b6eee7c0659a305476a0ea8772c6f996b420,master,1c016f5dd985f869a1ba57e03d8d7c4a9d0e92f9,5.6
1db6b6eee7c0659a305476a0ea8772c6f996b420,master,a3847f8dc9a0d5971e65fdf11ff26e0e3af07076,5.5
bdd2c5ea38f2e9ac7f5f9552f70d7df557e8bd12,master,63afef93f07fa70e9939e72aa82615405d8ca5f7,5.6
ba77b300e9077e0306e63996482781ca431675c3,master,ee0f4ef48bfa2e2205018a2b41dae18851f4ba2d,5.6
678a442a0dc54216f53ab82d16d4adefdd0b1e38,master,39f0b25051c592d8bd0d91e57ba0300c7557784b,5.6
b9324f7fadd50377125ff9ef039fb2a495faf292,master,7ec0157d7f03cb71a3d31ffd514f2789932d7a39,5.6
87c008d0cfb0bab47bbe1a72f132604e08021161,master,64745db46fd8c6dbab909a68f9438130666c4bb8,5.6
6e7588de59966e9398dae30ab9d0f301a6eee008,master,739e70614e070a54e7f285e8dc322c510145da90,5.6
5e25b88d53928bc763b1293475cc1c00549ecdb7,master,0695b3ced603d588836337810871124af6850616,5.6
faab7c60080acb99b3a2c1949337f130871115a2,master,42d54500338566ec38b347d2c8cdcabd2b01baa1,5.6
37ed61af20864c0c71d3a731a0596c4b5989cfd2,master,88df594b7edbd06789bba20fef39c326c2570d73,5.6
4d4d160cd45899a5861b8fb14c1c6956605fc421,master,516ec640ba018214de0a09aebc2309fb89f62900,5.6
1db6b6eee7c0659a305476a0ea8772c6f996b420,master,02b60391bf33cbab268d0a2ab21d32f10f3cb270,5.4
1db6b6eee7c0659a305476a0ea8772c6f996b420,master,d7395e88aa5870a05dadd87337fe380e72e973d9,5.3
3961945977d57e5be5e476904cf9f224235dab36,master,07da849fb81fe1e750b91655eefcea8945ec31a7,5.6
bb2c5b288f24d79459e17d3ba48dd506c80051aa,master,920e505e73cdcde03a1520d3251a864747d907be,5.6
bb2c5b288f24d79459e17d3ba48dd506c80051aa,master,d342f6d40cc9272eb2e87a5d375fe7e330a94ac6,5.5
571d6c689b0ac7f00da8fbfbbcdd23b2ab52399f,master,45e6d501d0f05c7ff2377736ace0f67a92b381fc,5.6
76cab1d4a51cda3329cf429e1ac6086dcbeb595e,master,c7062afddc1c48ae6da9a67704986ff621d4208e,5.6
ca4ebb907846f4005d762c142b80e8fd253dc7b5,master,ff8413d1f61db020baf0257daf0faa3ed1a71a29,5.6
23e49cc641533591502e6b225f0c4290585f343e,master,9f33b77c6fce93debe15866b5451a6f391904245,5.6
c1f4a8e48ad31b1eaf4febcf22c3e8bb1a6fd4ce,master,0dd1b30cc39b81f6546e6ef0e55efbf81e99eae8,5.6
63356b3e4deebb8da8f98a24cbb87ba257913883,master,5cd3f0913b0bcca9367f3ce9a9bf1e0948a5b6f7,5.6
4739ecad1bce8685647aef009021ca442613ea55,master,8fca293070c9852c43827444ae33fdec70a3b746,5.5
4739ecad1bce8685647aef009021ca442613ea55,master,d6068bfbaee3fbbf9cf25056436d25a56c63123d,5.3
93ee46e52dfbc5e6010e6e97c58d8ad68b40f6f5,master,a6d3134151c3ba99c7d335b031f4a957c7b06fbb,5.6
9c4876523ce39835eb22e0ec7fe8915d30e780bd,master,31b8c10a524113c96929f16aac0bbca628ab4032,5.6
4739ecad1bce8685647aef009021ca442613ea55,master,31516291371a4092225d3972b4cfffbf9e1fc718,5.4
4739ecad1bce8685647aef009021ca442613ea55,master,4ccbbd6484e50033ff715cb48092484353bacda8,5.6
c1b23bdb7fbc7c42f80bec631c90f30632120c16,master,75f58f6a1ebb7d6a273d9918c15504cffcfe2c43,5.3
c1b23bdb7fbc7c42f80bec631c90f30632120c16,master,26425d8935c852beefc8a9529ac6fb348223639b,5.6
c1b23bdb7fbc7c42f80bec631c90f30632120c16,master,4587c42757ae2c047cebbf20999a7d40dde92257,5.4
c1b23bdb7fbc7c42f80bec631c90f30632120c16,master,ecb9103fdff9b4492ac56dcb2343f0e4686790a8,5.5
87f71e3ea4948ee4d1990a3e7efc9b4593dcf6b8,master,ecea85918ede0a2c99bcc93e0857ffc18de42f4a,5.6
bbf3b2fe686485c11e74c7e1fb8b2d38bb40f3ac,master,2b724df293686c8aa1ec06927ed378f151bfbffd,5.6
0bec0ce9794849e07b0c26e7e6c3f3a252b5a199,master,dfc0055b18aeef62005405a615e6a6644ca053ba,5.6
c0b109d7b6f5164c3274cf7433b5c9ecc4c6b8a9,master,6e9e675b6a9be68df35d5bd9ed13af6b6d6e1c34,5.6
8c9b373b92379eca6582695eabeee977871b9554,master,ab75c994192e117d2a27d389d2d2a41fe07c7ae1,5.6
57d0db8c97cd0939b6716c85fd250d698626f54b,master,3f936047300fdfcaf3df8b335d30b47085ce50fb,5.4
57d0db8c97cd0939b6716c85fd250d698626f54b,master,341480d3b2d5390d5a82061159889d071cdb71cb,5.6
57d0db8c97cd0939b6716c85fd250d698626f54b,master,01c38bfea608af890da37d032538f8cb32048bca,5.3
57d0db8c97cd0939b6716c85fd250d698626f54b,master,05ccf123df384b1a7577316c54aeb9334df3a5fb,5.5
39801df2961e0886021f551e7488e37c2fc73e9b,master,5c0e6a1545613c257686327aa2597c5aaecfcc27,5.5
623dcf1d5eeb33484fe1fa115c3938aa4d5abf95,master,5ea51a84ff3a71e1d4c78c6630c6b48d681e5a36,5.5
c0bd195e11ed1edbf6b1b7aa05762f093662ab04,master,29d7ca91883f9f0d4a7192c6de1c727cf9034eea,5.5
640c7641d1a45ad5dd2a35d24d3d6228b6ede3db,master,35b267cce03b6615244fb90bc7d73fe30b7bff24,5.3
640c7641d1a45ad5dd2a35d24d3d6228b6ede3db,master,e73634f74ab1755ed1a91b6d7cf9b088f5cbe05d,5.4
640c7641d1a45ad5dd2a35d24d3d6228b6ede3db,master,405e13a0523620c2e63ba8e7afab8ba1876a33ac,5.5
73087163b7a9c6517a5d1d47b21c4dd0a670b34d,master,6ec89ec25a712ef786992b8175714760bdd8c13a,5.5
ef71bf0c642064bd0607216f9f5f39782d5b5260,master,38c7c1b7e402253b610bceb2b9d8c6b8d830b445,5.5
f6fad78f5e388e113deda2303f6d89f1f508c5e8,master,e226fede5ef11934bff5808393aede8becf94dc7,5.5
fd981f1274dfe196a13429cb49533bb2a0c597a7,master,7ff5ac5ec65c735c3f61a8429bc138d130624f77,5.5
c0bd195e11ed1edbf6b1b7aa05762f093662ab04,master,4819774bc798264305e043696b8861b7a65b2a08,5.4
331366267327dad7eea8bafa109ab6dee74758f8,master,e9c4c15543458ea5fb774ffe6f9219586e41600d,5.5
3961945977d57e5be5e476904cf9f224235dab36,master,410d309bf7f7d8257bccdc2da4e92aa9d6fce42d,5.3
3961945977d57e5be5e476904cf9f224235dab36,master,c5810a52a8f1fc2a39a287431e501d04963ef553,5.5
3961945977d57e5be5e476904cf9f224235dab36,master,d8ac72f4d58269210bcc0e429c7323bfeec56888,5.4
bb2c5b288f24d79459e17d3ba48dd506c80051aa,master,363513c86945cd3f0bbbd3ccf5afb61fb6cefb4c,5.2
bb2c5b288f24d79459e17d3ba48dd506c80051aa,master,6e0dc34ed4a24ec1c44730f299740d23cb9935b9,5.3
bb2c5b288f24d79459e17d3ba48dd506c80051aa,master,50e5339043c53b1248642705e8b8a46113438dbf,5.4
11aa63371cfff2e634bd7ef8710c904f20f51fe8,master,1e6fb65e28ce93562a3f2b9d05d3de19795b8849,5.5
8251d26dd8ab248f064380c3dc301ba283691f72,master,a72a23d6300f1633f5dbc7b2c4d92060e8f3e12c,5.5
c8635db754dea211a15021f2df0f10ab2ded9515,master,9b5406f7ee7841efda9102d0a0645479fafb5791,5.5
a302c54ef3dc947b0a2eaa945482f87018490ccc,master,95351426822665415cf3264142092bee847be539,5.5
0bec0ce9794849e07b0c26e7e6c3f3a252b5a199,master,70447d1728024f857495cbd68e62c34f37b2b1b3,5.5
93ee46e52dfbc5e6010e6e97c58d8ad68b40f6f5,master,5871c18f4462294ab32a402eebff1e2923774bc4,5.5
e8453d7b46d0988dbb1bea2c567bf5bd6d078d6f,master,cd3e43f78127355d3e633bc94a9fd01fd24b7759,5.5
9c4876523ce39835eb22e0ec7fe8915d30e780bd,master,1ab2d126421b05009e60405cbfc69a5351692420,5.5
e8453d7b46d0988dbb1bea2c567bf5bd6d078d6f,master,ad77649c292906a293d5117ed23d975dae45caf8,5.6
c1f4a8e48ad31b1eaf4febcf22c3e8bb1a6fd4ce,master,36d4524724816348734f2b68be61c4ef53e2bab8,5.5
c0bd195e11ed1edbf6b1b7aa05762f093662ab04,master,bd7592807d48878c07f7fa06503d21eb4aa0cbbd,5.3
c0bd195e11ed1edbf6b1b7aa05762f093662ab04,master,26bd2b91a2643aae595147b7f51ef8b0efe17320,5.2
2f41d73c77a1e039bf55cc1c0c6a34eaa7d7da5e,master,bb1cf65fff11dbbde87ea5f88c3a155c1a967398,5.5
a06837bb8b7ce57cbb2202edeac25e5412c9ad75,master,1619536bd94ef147cd3afc7d81804ea3bb0502b6,5.5
28f8a4b4765ab933f6f4efebaf5bbadb61ff7b9b,master,f768cc51f7843584e0b8569a5b0cea997d51ef6e,5.5
ce9aae2be86221a7c5cf603776092e01c50c2552,master,978d2f37814075951d95e4e2e399318f2eb8105e,5.5
d6b4de66a94ecd4defe81faa87ea3e37d33a1c3d,master,5e4c966eca46fc5fae9768f9106df9806be594f7,5.5
1c52ae11779a1eec20070ad25df8c89056cdb41d,master,c4984a5ccac6a5b8aee988210326a59a55aab776,5.5
