original_commit_sha,original_branch,Backport Commit,backport_branch
3604b44b2993e36698c8c5e59a18a5bccf2a0677,master,f70899f12c40376f80fabb097cf8d5853d6cd0c0,branch-2.6
3604b44b2993e36698c8c5e59a18a5bccf2a0677,master,8cff557c38d3dade92d04e9b45179e618583a302,branch-2
3604b44b2993e36698c8c5e59a18a5bccf2a0677,master,41c46e7acd16d522984ff852bcded10e59707573,branch-3
7ef359b7ffc8ca792c5bcfd70659cd01fd7e57c7,master,eda1fc4455726a838902adf2ceca770b1e4516b2,branch-2.6
7ef359b7ffc8ca792c5bcfd70659cd01fd7e57c7,master,e61938196ffabe74449b240279a84f7da974c767,branch-3
d1bce5700aed0dac8bcf251d8ffca6ade8da6363,master,2261441c171df439d84e660dfef64767b8067039,branch-2.6
d1bce5700aed0dac8bcf251d8ffca6ade8da6363,master,543cc189f7215c6e708cd9ef7cad8cee5da99c1d,branch-2
d1bce5700aed0dac8bcf251d8ffca6ade8da6363,master,688597f14f7082cc093a6432eeb31701501a3ad2,branch-3
052d36b0b262daba69bdbea4c44ef4e4b951df2b,master,97a6c0ec273231f270cd80a3affd1c9f0d247796,branch-2
052d36b0b262daba69bdbea4c44ef4e4b951df2b,master,7e6f020c01648538ad7f38bc8440bb9fcd6a63bf,branch-3
b99e897c508e6ff4bfe54753905f8a9fa17dfe95,master,baedfe535b68d56e4172cc8cfabe73a0492f108c,branch-2.6
b99e897c508e6ff4bfe54753905f8a9fa17dfe95,master,2bf59879f61313501b1294ecd14420b664efadf0,branch-2
b99e897c508e6ff4bfe54753905f8a9fa17dfe95,master,01832e776cd1802a983834a07e502cbb6df7fb22,branch-3
689b34f0165be204ba19790ccb2b9fae21d29fff,branch-2,71d68e8e65823562212b22f6944dddb15b43597b,branch-2.6
64c582fe9a846b2f5e07b180cc6fae77431d726e,master,a65bb510a0c158737c6b1756c39b5ece962cb485,branch-2.6
64c582fe9a846b2f5e07b180cc6fae77431d726e,master,ad50d5c9d4184ff6cea61eb55e7d552ee809ddd8,branch-2
64c582fe9a846b2f5e07b180cc6fae77431d726e,master,fb60ebf4cb655fcfad939e6a2617394f40a75883,branch-3
17ebfbe69c30258ae3544897956e992b9b139ade,master,24ca14bdc0904a051c55f6b8d72a1159d0d6cbbb,branch-2.6
17ebfbe69c30258ae3544897956e992b9b139ade,master,ca386797de9ee3f28d55ec372267434ef8ada1de,branch-2
17ebfbe69c30258ae3544897956e992b9b139ade,master,c612561c7dd51d4613e976e79df3fe6e594b6b8e,branch-3
9f841d0ad0914bfa8d4d95f0e168eb42902552be,master,cf4630b7f5394890f5d1c63eb291fe7f638ffe1f,branch-2.6
9f841d0ad0914bfa8d4d95f0e168eb42902552be,master,0cb48bb99d6f015ee58ec3243b46a4376283dd7c,branch-2
9f841d0ad0914bfa8d4d95f0e168eb42902552be,master,fdbc451d6aa7c854a4b1a18d546659c61d83b956,branch-3
30ce21bcadb403feef1007c22c5549fdcf8d13d9,master,cbb3840aac78460ec3e443486e7b3c476717a3a3,branch-2.5
30ce21bcadb403feef1007c22c5549fdcf8d13d9,master,c1c2e9866e7f5eb2a961e771e5484ac022e7ab01,branch-2.6
30ce21bcadb403feef1007c22c5549fdcf8d13d9,master,653574452bd834e491b81e12198f64de02071ddd,branch-2
30ce21bcadb403feef1007c22c5549fdcf8d13d9,master,cb4a7cca6622a44f0b46c70d0e7b006fde820ec6,branch-3
cfc712e7299c6c8cf1fadd3c09efdc8f020bbee6,master,bac7a89cde8b39dda78140602345158652aa0176,branch-2.6
cfc712e7299c6c8cf1fadd3c09efdc8f020bbee6,master,b90b0cc0ff191d21b1fe5dc92bbf068982e03cf8,branch-2
cfc712e7299c6c8cf1fadd3c09efdc8f020bbee6,master,30cae7a1ef019eb9b70656599ec352480cff07e5,branch-3
763093ac34833cab4c277073dea16222268ef47a,master,18dac457333712950ebcb1bf693fcbadbe074528,branch-2.5
763093ac34833cab4c277073dea16222268ef47a,master,5c4e7521686f234beafb1ee964e1475d0956486e,branch-2.6
d1b68abef5aa511c79fd1d1b8d4234e3092c1f7c,master,c9b373f5fcf3be01aafde4700f70e2ad2362a8a2,branch-2.6
763093ac34833cab4c277073dea16222268ef47a,master,934a26df8d8f5b4afddd68694e219470bb6d9949,branch-2
763093ac34833cab4c277073dea16222268ef47a,master,cffce1621c6a3f721ac605e0f7219e913412d7b2,branch-3
d1b68abef5aa511c79fd1d1b8d4234e3092c1f7c,master,a2f58071ae1ff3dfef00aede8d888ac6aabd7149,branch-3
e56e14bcc9f15ceae3f7961a21d4eef94ce1c159,master,fe6d1a0afb3f4824cc0ecc7224f96187cf79a44d,branch-2.5
e56e14bcc9f15ceae3f7961a21d4eef94ce1c159,master,18cb762349babeb1f05d1d169ccdf3a657e68852,branch-2.6
e56e14bcc9f15ceae3f7961a21d4eef94ce1c159,master,e110ee1c30e2a6be2ebf39cc109c7f5f10981994,branch-2
e56e14bcc9f15ceae3f7961a21d4eef94ce1c159,master,29f831881091a238628637558065ac57656a6a47,branch-3
3e951120a47f1b9bf44fd31dafb32a158b6209f4,master,112caaf884f671ead6ad455154c2c53d7a8a534f,branch-2.5
3e951120a47f1b9bf44fd31dafb32a158b6209f4,master,9bfd32f14031304d862fbfaa45da35e5b03073e9,branch-2.6
3e951120a47f1b9bf44fd31dafb32a158b6209f4,master,66316c75bbaed27bae8658ee4dc3857a6924ab11,branch-2
3e951120a47f1b9bf44fd31dafb32a158b6209f4,master,d3e146baff1c09a59f3242b5db649f805862c82c,branch-3
47d2aa53cb331d478e21147c83d5284a870d6d5c,master,7fb061c488d6108771b280abbd8e263a44492bc3,branch-2.5
47d2aa53cb331d478e21147c83d5284a870d6d5c,master,8a7bbfb059c9ab711b31e3e4ed5cd29297e73a7a,branch-2.6
47d2aa53cb331d478e21147c83d5284a870d6d5c,master,62eaada0db211258e017f5f5fbe9894964f1b952,branch-3
c2af2b3c0de938f2c2d094860f33e31177d197ea,master,caffc5fc2bfa66d751d5de7551ef86358c572291,branch-2.5
c2af2b3c0de938f2c2d094860f33e31177d197ea,master,04da2910ad121f2a9959b060dd4c5ff7d3584dfd,branch-2.6
c2af2b3c0de938f2c2d094860f33e31177d197ea,master,dc22882d7a765cd74d438a9f5648674389b45ddf,branch-2
c2af2b3c0de938f2c2d094860f33e31177d197ea,master,6968a69c51ffe62504827c6ea6adf7a1693afe61,branch-3
54328d64f2f6ff0a18850c2763626ef633f851a5,master,9d2cd41a49198d7d5f6bd770e3f0e0dda68ab2b2,branch-3
bf5e7298217d0c66e85bbf5d6e757f6076e83816,branch-2,8f34739b394ecef488d8edefc28bded7e1e2fb11,branch-2.5
bf5e7298217d0c66e85bbf5d6e757f6076e83816,branch-2,c85c9344cb70de78f8707960fbea05bee6005e21,branch-2.6
4c831287279a9a2ae226b851f2fc7db38dc9a271,master,7e365e0509cd9a2207a047a857b4b2adfeaa3d46,branch-2.5
4c831287279a9a2ae226b851f2fc7db38dc9a271,master,90b58fa8863b85521f1c287ff21d8bde07f3f493,branch-2.6
4c831287279a9a2ae226b851f2fc7db38dc9a271,master,fdc726c1fa3aa0b93dd67ec1f0741ca979fe88fb,branch-2
4c831287279a9a2ae226b851f2fc7db38dc9a271,master,92184219a1b041abb4a21065e99f837c4081fde7,branch-3
3685b64ccf4663a9dc4237a957b0b0b8aca7429d,master,32fb393ef39883f1c6416ddd74e3110e4698dfa8,branch-2.5
3685b64ccf4663a9dc4237a957b0b0b8aca7429d,master,1aea0ca83ea2d08059e0395cb0b4b87afac3f446,branch-2.6
13f174b1d0926243539331774afb0764766387e4,master,1b03cb4cc904fe923bf9c4f126741f24237a29da,branch-2.5
13f174b1d0926243539331774afb0764766387e4,master,aa2b457b123ccbf96704eb0e1fdb139dc0f46007,branch-2.6
13f174b1d0926243539331774afb0764766387e4,master,f9aba1e893241095a728ea0ea8b35ad540c5d067,branch-2
13f174b1d0926243539331774afb0764766387e4,master,fc7cdb9a613704cf92cab156f66e26bf2589080a,branch-3
3685b64ccf4663a9dc4237a957b0b0b8aca7429d,master,1ae4fb42c785da3cec4d90db71f44098be4cf0df,branch-3
47d2aa53cb331d478e21147c83d5284a870d6d5c,master,636703bb7ea46ee0d0d4436d88284cc66a01a8cc,branch-2
78b06cefdeb183970a008486ef3e30383e410d2f,master,c7c64c092d1d450adfff49472ae9f7c7afbf5c00,branch-2
78b06cefdeb183970a008486ef3e30383e410d2f,master,279702e3cc98eef3ee9eb46cfd9cc8d3195ea0ab,branch-2.5
78b06cefdeb183970a008486ef3e30383e410d2f,master,b1cb36e2cbc1c3543c259c8f9217a824c8ce11bb,branch-2.6
78b06cefdeb183970a008486ef3e30383e410d2f,master,3b87020ee695851be05e17f2bd3747f7d3f6eaa8,branch-3
49fd3b4343fe19640e35bf9f79dfa6de4aa668f4,master,d879630cd890faa90d6ae920948c403b94a4db8f,branch-2.6
49fd3b4343fe19640e35bf9f79dfa6de4aa668f4,master,7dd3365914194a8a9874a3aaf37bb6932e85e13a,branch-2
49fd3b4343fe19640e35bf9f79dfa6de4aa668f4,master,a86c209d916f55228e64492b5b7abef613a1261c,branch-3
f98621a751937ec4c2be73c10ef60c15e5c7687b,master,a6599df063d6c551ee531860a2bfebda19d8c76f,branch-2.6
f98621a751937ec4c2be73c10ef60c15e5c7687b,master,f3cecb18d1b45a54de898fe33852ce6e136ce719,branch-2
f98621a751937ec4c2be73c10ef60c15e5c7687b,master,f2ec0f39545af0d01d66b5ef33c8e9199aef70c0,branch-3
2990a0fa13ffd8febcb6375b6b6223f96462dfae,master,d0444c9f1ed65a7ff0d6a99443d3570311029f01,branch-2
2990a0fa13ffd8febcb6375b6b6223f96462dfae,master,1147b3c9e21a5d7dc93c473baea88c4b14250269,branch-3
5f312dd7016c2b464e226f6ff1f0e7075194fb83,master,c3696a0fa8597647005d51dac2bbc52bc5c6750e,branch-2.6
5f312dd7016c2b464e226f6ff1f0e7075194fb83,master,334accf4ff6472d6f3058ab89da499edab5fde73,branch-2
5f312dd7016c2b464e226f6ff1f0e7075194fb83,master,430513a40e8ebc09728bbd1212eaf1bc6b33316c,branch-3
b622302f14f75ee409eea226285e940a926a420b,master,33693b105638c7bfd11a90855aa28bc474fba050,branch-2
b622302f14f75ee409eea226285e940a926a420b,master,6c55c3f6be4babcc89f7818c3f1d587412f1f41e,branch-3
c4fed77ed88373d13adb5e997b31865d47715418,master,44b64e495feef197f9f502b330887ab2f91d34f8,branch-3
1880cb3ab57f74ada8fd0161a400676a15b4012c,master,1c15f55986cbc3d6bc28a468049ba928d53df661,branch-2.5
1880cb3ab57f74ada8fd0161a400676a15b4012c,master,8ff719ffc5a8f1c2b0f69ce0f6aa8bc217605e5c,branch-2.6
c556dde144612aa71524a011e01892316ca15d57,master,baabc1d7c4e639a8e9a5838ff14494b75a769522,branch-2.6
c556dde144612aa71524a011e01892316ca15d57,master,65e255bb435fde7e5c77aef411aec094716ae61a,branch-2
c556dde144612aa71524a011e01892316ca15d57,master,6df3f43f806b92e5cd2d5eb312d379404f401049,branch-3
1880cb3ab57f74ada8fd0161a400676a15b4012c,master,6f5010e4a1f383c8f5daca3d189910939561e047,branch-2
1880cb3ab57f74ada8fd0161a400676a15b4012c,master,995a6d6324d6429f03818836dbfbeea959348c51,branch-3
53118fec462888c189d19b2b4c3acc4c2c1ef705,branch-2.6,eeed0add8c8ed6c30334a143c79546a400375bd2,branch-2
8dbd7a88d875079d058cc978d8c8f3ff30d63cad,branch-2.6,7ffba058ada09089eb99533c9b878939ae3e2006,branch-2
ef199296f920b1542b727850504a7e49af23be67,master,7445719b3bd71673db801d574ec7fd28b2676280,branch-2.5
ef199296f920b1542b727850504a7e49af23be67,master,5e2bb4b2f753edd31505ddd9e3afbcd576e1281d,branch-2.6
ef199296f920b1542b727850504a7e49af23be67,master,50e269eb169ad9c5b6ccdcb32b9a135ad9b88469,branch-2
ef199296f920b1542b727850504a7e49af23be67,master,9067198aa78c5dec7989e5764a5e13141fe77bea,branch-3
aa41b3e12ec9ab725dcc990b4e1966372451d5aa,master,1d8b14014bda6da4cd3bf0df32feffa9178aa3ec,branch-2.6
aa41b3e12ec9ab725dcc990b4e1966372451d5aa,master,f3c20c7c88838e21e7460d3547d5b39053efbdfd,branch-2
aa41b3e12ec9ab725dcc990b4e1966372451d5aa,master,874a54ff06bcf04f4ca19da8b0e32ef05e1720de,branch-3
c477901dec8fbe4b6a745065ba65fd6808746ebf,master,dce52920c7fe7a93a1f20bf3a99c3f77e6779ea3,branch-2.6
c477901dec8fbe4b6a745065ba65fd6808746ebf,master,4913c4fdf5f7ddf674ad5a4950cb5ef1c267f8f3,branch-2
c477901dec8fbe4b6a745065ba65fd6808746ebf,master,fa5d043287dec79f42aaae5a38daa1f680cd7a2c,branch-3
125b50210f7d46fc11eaab8a6d0fc19110c059b2,master,d71a039b66048817e48e47450b0353425117c164,branch-2.5
125b50210f7d46fc11eaab8a6d0fc19110c059b2,master,0f7a8808b270897cfd061b30130759f75faef479,branch-2.6
125b50210f7d46fc11eaab8a6d0fc19110c059b2,master,350bdec9d83e77f0a09aab6b375f0122c01ada7c,branch-2
125b50210f7d46fc11eaab8a6d0fc19110c059b2,master,79e37520e4932347cdf89c930459b68ef679cf0a,branch-3
449c446c3c8389e4e81aed08ca9ac56a330a20bb,master,99aa86de45c591bd1ee3e060937196098ea4d40f,branch-2.6
449c446c3c8389e4e81aed08ca9ac56a330a20bb,master,6ada5542e793c7010d5e01adf8bc0790bbff39e2,branch-2
449c446c3c8389e4e81aed08ca9ac56a330a20bb,master,ac90349befe9149d59e4e1215f15755dfd0ee07c,branch-3
5cf9170b8e1d5ac75d4018135b2afbe4803521b0,master,09b3d32329433e4afa619f806ee6bf31e6e899ed,branch-2.6
5cf9170b8e1d5ac75d4018135b2afbe4803521b0,master,5c0c27d961db1482ed6bfa8f48a7b709a087878d,branch-2
b3f2f403f52bb05e357d5aeec47f1f1aa0231d69,master,414f24e09ac0dedac3f4a457a8b7fbda37f3d587,branch-2
b3f2f403f52bb05e357d5aeec47f1f1aa0231d69,master,84f1e63c1ab5237e1b2f314432f2aa631e7e18d4,branch-3
5cf9170b8e1d5ac75d4018135b2afbe4803521b0,master,f5ad7e458b414fdd5f2e2c4ebe0e395f7ceee682,branch-3
b19ee00bbc014c690e583fa1abeb79505bccc346,master,7d019d9c053f8b4d0ebc1a8d3326efbd4fd059d0,branch-2.6
f4a999f6699de7d1fcd927479e47511077d9e1c6,master,e3059217efac64731e671ae9555cda46a136e23e,branch-3
53ca88339df80cc9079c578dd1da7ec5b8416de9,master,5e642c49983a9a2eb9ae52da555118be6a62f98c,branch-2.6
53ca88339df80cc9079c578dd1da7ec5b8416de9,master,3f6769961e607e6f959a74de220667796340115a,branch-2
53ca88339df80cc9079c578dd1da7ec5b8416de9,master,59f1845bf700c7ede40cc10df1edc7923bc76ca3,branch-3
ef41d488b64e620f62146fb46fcd5f7a3e561b47,master,cdf52e21cc36be0739bc01b99712f48d0db4e225,branch-2.6
ef41d488b64e620f62146fb46fcd5f7a3e561b47,master,78da9e962b56846cea1db6dd43f9cd02c632ecf0,branch-2
ef41d488b64e620f62146fb46fcd5f7a3e561b47,master,274faaa035f182d87358b0c311640db7708f1279,branch-3
b19ee00bbc014c690e583fa1abeb79505bccc346,master,c17fef32f22e25cc2bfdf866e7f2ef36f24d8c07,branch-3
63b26b126dd61257e1a6fdf2f6eb1737ad99d71c,master,fb9d89d232d9b540a39e21451dbbc62751bbcd25,branch-2
63b26b126dd61257e1a6fdf2f6eb1737ad99d71c,master,68f95ec4d0008021e9045a5008967f487d0f2d79,branch-2.5
63b26b126dd61257e1a6fdf2f6eb1737ad99d71c,master,dbf8acf196ad74ce932eb1a5ad78368f207e0a6c,branch-2.6
63b26b126dd61257e1a6fdf2f6eb1737ad99d71c,master,18f67348ffc99f1da276a83a90741b71465bd7af,branch-2
63b26b126dd61257e1a6fdf2f6eb1737ad99d71c,master,c473a9752101847350fb0f453001fce6c8a860c2,branch-3
ed6613e1afa589e1d6ebcad829ae3e6d2a79651e,master,77eed8570228a9b03986a12085c6bf8410ead398,branch-2.6
ed6613e1afa589e1d6ebcad829ae3e6d2a79651e,master,ac5d492bcb6c5949ef587384653a9c9e20b4823b,branch-2
ed6613e1afa589e1d6ebcad829ae3e6d2a79651e,master,a030e8099840e640684a68b6e4a79e7c1d5a6823,branch-3
dcffc4a7bb607b3d3e87ca75deea188cc21740ed,master,9821e3c899f33a5de8bf538dda9599bc000477e6,branch-2.6
dcffc4a7bb607b3d3e87ca75deea188cc21740ed,master,ce5a97451ba0b5ebb2d0497207547b516ff5c29d,branch-2
dcffc4a7bb607b3d3e87ca75deea188cc21740ed,master,5aa73907bc67541ecbd4bc98dace36af56190f01,branch-3
6788ff48baef51646fd61cabc37eeb9bf11d6058,master,d94def36cf39e698714cfa8d3b9b06a75710b8a1,branch-2
6788ff48baef51646fd61cabc37eeb9bf11d6058,master,bbd9afb6fdf0c1e0dde36c3a0e065d394cfdb96b,branch-3
158b6d0af593604bcbc9b2d0e815198e032928c4,master,70619f0ee10533dad5ccb890232ebfda0394a387,branch-2.6
158b6d0af593604bcbc9b2d0e815198e032928c4,master,9f5b1f1d7550a3dbe05e7f1f1bb6a56e82f1e679,branch-3
b4cbd5c84b2402c5779e79d7076cea94be014d21,master,5a199207278be52dad4b13912244e7b3c7f0dd52,branch-2
b7d11a74451d7b5a132445ad75b4463e8ca0f3c5,master,5cf4e21052e07517225c80eb0dc7e82cc5a1ce81,branch-2.5
b7d11a74451d7b5a132445ad75b4463e8ca0f3c5,master,db386cf44e779ad8549a7c2cc65f5bba4e075057,branch-2.6
b7d11a74451d7b5a132445ad75b4463e8ca0f3c5,master,fc4e1f9c823862d59ad56acec4fed75315ac6e68,branch-2
b7d11a74451d7b5a132445ad75b4463e8ca0f3c5,master,26f2ecb4f7c5e0ce074357ea7f5e32188a63a0ec,branch-3
b4cbd5c84b2402c5779e79d7076cea94be014d21,master,763e23794703055f58de2812e837e3edbe59bbb7,branch-2.6
b4cbd5c84b2402c5779e79d7076cea94be014d21,master,eab2134b9571e2a163c9d8b9d161361252d871c4,branch-3
5082212e04911310e540b3851b94cebae6593361,master,794bf1ee97d58283481967a93c35cf528e457178,branch-2.6
5082212e04911310e540b3851b94cebae6593361,master,7ac7f054df2c76a6086239524d7c062ab25e16ef,branch-2
5082212e04911310e540b3851b94cebae6593361,master,f7418734101ed2615c86b97ca070002d4bb68266,branch-3
7e8fd07209562cd3974387ed1b942e9b892273a8,master,040c029fced76b297a431e73fe4538efa8c5508c,branch-2.6
7e8fd07209562cd3974387ed1b942e9b892273a8,master,3f035744a8387782b4974a14714d488b6237cb6a,branch-2
7e8fd07209562cd3974387ed1b942e9b892273a8,master,3160b36ffd72e7143734ba3434e3a727b0658a4e,branch-3
f8aa3e23126c3ed0fd2558ecf1cec205d8edc928,master,01cfc8b53e401335e0e084d4c1e0bbcf8387ced0,branch-2.6
f8aa3e23126c3ed0fd2558ecf1cec205d8edc928,master,d18a97f4634a72cebd9d8c1eb4e3079fad83b686,branch-2
f8aa3e23126c3ed0fd2558ecf1cec205d8edc928,master,2848cfa42c85cf7dea751113cadb22733a0c11b1,branch-3
00b1bba5065d816523972baec56088db4ee20b85,master,e554476aa02d067c8e293ad034ee16d6d8629a5c,branch-2.6
00b1bba5065d816523972baec56088db4ee20b85,master,ba56db030165c2bb789f091425e650c4243217cb,branch-2
00b1bba5065d816523972baec56088db4ee20b85,master,763f3021141954bcbab13d70625b2dc8d4045e10,branch-3
04816d98a201efc6c6d50eed4a3b6d7154caf5e7,master,9718add5715a5da5f6f6f524e2eb66b2dbca3cca,branch-2.6
04816d98a201efc6c6d50eed4a3b6d7154caf5e7,master,f56248673aead5c1252165253bb85f6d24942416,branch-2
04816d98a201efc6c6d50eed4a3b6d7154caf5e7,master,a35145b461572a9cbfc44c36520829f4430ab6df,branch-3
3b18ba664a6dcde344e13fe9305c272592195c03,master,ca69f1e70cb210fb1b4c8ac228593f5e42459933,branch-2.5
3b18ba664a6dcde344e13fe9305c272592195c03,master,d51c71e7c279c7e26d808139d0a4d91484c37fdc,branch-2.6
3b18ba664a6dcde344e13fe9305c272592195c03,master,2adcc8a2a890ecdbb69ca16b61eea572a0748f4e,branch-2
3b18ba664a6dcde344e13fe9305c272592195c03,master,63a2f6e36fa7c2cc976601ead39d52e2173f93d3,branch-3
3a3dd66e21da3f85c72d75605857713716d579fb,master,ba12a6be48fe3769689f5bc0cf3cf14bd8891a37,branch-2.6
3a3dd66e21da3f85c72d75605857713716d579fb,master,794f6b477bb7e68e37105f5f57177f4992aee1bd,branch-2
3a3dd66e21da3f85c72d75605857713716d579fb,master,7f899f53ff903c5e32e4d187841a6f927d915756,branch-3
d1fc87eb1c3a36d46e18f84a6abf75f3106ef048,master,37f6f2cf8d896287d9af49eaa6f3d7299ecb080f,branch-2
d1fc87eb1c3a36d46e18f84a6abf75f3106ef048,master,34c13c8b1240a09801e1a354603510bbad8cea07,branch-3
1a089cd3935d36e51c49e83828115efb7cffbf2a,master,82ad5f224e398f3522ddc63f8fa3c5a02365ca63,branch-2.5
1a089cd3935d36e51c49e83828115efb7cffbf2a,master,65e2f2318b74b55206b48725d6eec83374a52a98,branch-2.6
1a089cd3935d36e51c49e83828115efb7cffbf2a,master,9f60f1821f88ac26b29c111d9d0ec1e0aad2c52e,branch-2
1a089cd3935d36e51c49e83828115efb7cffbf2a,master,75b1516df2277366073256acb523b674523722cf,branch-3
936d267d1094e37222b9b836ab068689ccce3574,master,a4640616612d6f438f48c808b3374155eb623359,branch-2.6
936d267d1094e37222b9b836ab068689ccce3574,master,7c08052e72cb6a0cb8a9522fca2b7f5ce677b322,branch-2
936d267d1094e37222b9b836ab068689ccce3574,master,12b0fefce717db9a8169027422768df7b4294419,branch-3
4f97ece9f5ab9288ea44f5842be55a4dbaa866e0,master,cb49c6269e61bf3c10b22c7eba8cc8b22fabde74,branch-2
4f97ece9f5ab9288ea44f5842be55a4dbaa866e0,master,f9d2be8a561453bd1111d3aa992646dc9a7d85b0,branch-3
1c41e861f8f54206ad98ee9b8ab943d55210c65f,master,643d6b74cc87cb4221d78a5c9d4375448ae77d94,branch-2.5
1c41e861f8f54206ad98ee9b8ab943d55210c65f,master,91672904a7ba86c80cfe3c841ac25e79e5342ef4,branch-2.6
1c41e861f8f54206ad98ee9b8ab943d55210c65f,master,ae16859cef101f77f31c1854a902045c443fa371,branch-2
1c41e861f8f54206ad98ee9b8ab943d55210c65f,master,441b2fe8ba505aff18333a468a85d0d2b4e38c50,branch-3
1e56034b58d74012ac9aeb4f5af2711314ea9b53,master,8d8f21d3a5c6edac432b25bd7b181e5ece18cec5,branch-2.6
1e56034b58d74012ac9aeb4f5af2711314ea9b53,master,00cd18f68f1b6541d66361c39d20b87adf55459d,branch-2
1e56034b58d74012ac9aeb4f5af2711314ea9b53,master,67069d24393ea14083df882555ec13ce51bac05c,branch-3
5cb87ef0209551b1cdb584c0654bd029323a0cb8,master,57984708d5c23bb3d5034cfd2b44d7e83cc50d1e,branch-2.6
5cb87ef0209551b1cdb584c0654bd029323a0cb8,master,39b9b2be671678b8b7a532b8a620700b4889184f,branch-2
5cb87ef0209551b1cdb584c0654bd029323a0cb8,master,db235a2153d4e28f4c3efb3e37eb0a80e8c03138,branch-3
4f97ece9f5ab9288ea44f5842be55a4dbaa866e0,master,bd0600257fa4412918326b9e496793ce2392b9fd,branch-2.6
8c989c92a67cc4373c1291f400aa372bca2d33b6,master,dba3a85b542718945979812451fa695c204291d3,branch-2.6
8c989c92a67cc4373c1291f400aa372bca2d33b6,master,e1cebb0deaf8c55071b9e490172e725b37e78d4a,branch-2
8c989c92a67cc4373c1291f400aa372bca2d33b6,master,3edfa3ef740cf6513ce3527ea8e52c69c471d37d,branch-3
